country_code,year,gdp_growth
AFE,2024,2.76383869054277
AFE,2023,1.9311603523693
AFE,2022,3.72271692296214
AFE,2021,4.57877206871177
AFE,2020,-2.81757208724623
AFE,2019,2.03007686221603
AFE,2018,2.70519413363353
AFE,2017,2.67752389715308
AFE,2016,2.13011703002091
AFE,2015,2.93402965863687
AFW,2024,4.5856736208091
AFW,2023,3.66242752919044
AFW,2022,4.47279468511532
AFW,2021,2.54969083217036
AFW,2020,-3.73062984236253
AFW,2019,3.28168276850104
AFW,2018,2.90466430784954
AFW,2017,2.29634886599959
AFW,2016,0.194316483405615
AFW,2015,2.93286367242145
ARB,2024,1.70353102787844
ARB,2023,1.63495022269882
ARB,2022,7.00775934349392
ARB,2021,4.43160883511413
ARB,2020,-5.30102786914752
ARB,2019,1.74778112240244
ARB,2018,2.67255324455269
ARB,2017,1.32901000226768
ARB,2016,3.57286827951262
ARB,2015,3.35080366726505
CSS,2024,13.3129250895082
CSS,2023,8.83833676011841
CSS,2022,14.8851030062619
CSS,2021,6.53181248270917
CSS,2020,-9.0291630332097
CSS,2019,0.875117819991502
CSS,2018,1.21087866602529
CSS,2017,-0.745458058997372
CSS,2016,-3.08019901728429
CSS,2015,-0.100918343775831
CEB,2024,2.0701601704917
CEB,2023,0.70736329484285
CEB,2022,4.04227221314891
CEB,2021,6.57225386036488
CEB,2020,-3.30111999071748
CEB,2019,4.03229063844108
CEB,2018,4.95337799401428
CEB,2017,5.1071317914476
CEB,2016,2.80726176295552
CEB,2015,4.00166179134685
EAR,2024,3.66894359356225
EAR,2023,4.59507205032629
EAR,2022,6.02119005770159
EAR,2021,7.50999857340686
EAR,2020,-4.30295004163716
EAR,2019,2.26986665615696
EAR,2018,3.60797948282917
EAR,2017,4.4871113513677
EAR,2016,4.13628805469052
EAR,2015,4.24282022448064
EAS,2024,3.79010550023051
EAS,2023,4.20566738267351
EAS,2022,2.9996184966993
EAS,2021,6.34482611371077
EAS,2020,-0.0574924656287692
EAS,2019,4.04297018230737
EAS,2018,4.79489718189352
EAS,2017,5.0621276153982
EAS,2016,4.65562872024383
EAS,2015,4.7187640804806
EAP,2024,4.96144388249684
EAP,2023,5.25527986417276
EAP,2022,3.54811147025219
EAP,2021,7.71979646853708
EAP,2020,1.34522560098827
EAP,2019,5.88586101772282
EAP,2018,6.53713724894706
EAP,2017,6.66672230599954
EAP,2016,6.51009063718404
EAP,2015,6.6614246586106
TEA,2024,4.96151507087529
TEA,2023,5.25522126120326
TEA,2022,3.54808390633295
TEA,2021,7.71948799394286
TEA,2020,1.34509522212088
TEA,2019,5.88576805304417
TEA,2018,6.53695468640676
TEA,2017,6.66644763513351
TEA,2016,6.50996577419185
TEA,2015,6.66143007471555
EMU,2024,0.911910157337687
EMU,2023,0.473405522226571
EMU,2022,3.6592192433758
EMU,2021,6.43713755486188
EMU,2020,-6.05674425052126
EMU,2019,1.62263181033828
EMU,2018,1.77991130879937
EMU,2017,2.62262590499378
EMU,2016,1.80158112775391
EMU,2015,2.14365367393994
ECS,2024,1.56624845618092
ECS,2023,1.0463748073376
ECS,2022,3.39087777130349
ECS,2021,6.79965905280595
ECS,2020,-5.38089471565053
ECS,2019,1.82337861520314
ECS,2018,2.15902408385477
ECS,2017,2.9545404517369
ECS,2016,1.90557078805695
ECS,2015,2.07593452180194
ECA,2024,3.98239471295983
ECA,2023,5.03672042034297
ECA,2022,3.07901753477167
ECA,2021,9.28042104515383
ECA,2020,0.276088024593619
ECA,2019,2.5819078238094
ECA,2018,3.7617712262191
ECA,2017,6.0030089975849
ECA,2016,2.78383354652402
ECA,2015,3.41612672689462
TEC,2024,3.80534822218806
TEC,2023,3.82595823256764
TEC,2022,1.95197902081506
TEC,2021,7.5909039335849
TEC,2020,-1.45793346533829
TEC,2019,2.81601440145778
TEC,2018,3.80424428454795
TEC,2017,4.37116063202008
TEC,2016,1.86129267860605
TEC,2015,1.42626319605841
EUU,2024,1.06455789818658
EUU,2023,0.454322708045169
EUU,2022,3.56155233245134
EUU,2021,6.37775013900981
EUU,2020,-5.57888055659984
EUU,2019,1.87524696216217
EUU,2018,2.04642012743825
EUU,2017,2.81811045546294
EUU,2016,1.91998029828646
EUU,2015,2.37195304560174
FCS,2024,2.00694502217955
FCS,2023,2.14545491630651
FCS,2022,1.62071663646515
FCS,2021,1.53090680703163
FCS,2020,-7.41318835322815
FCS,2019,0.815291636433273
FCS,2018,1.45548612659789
FCS,2017,1.30184507279765
FCS,2016,0.474197451324514
FCS,2015,0.167306320259854
HPC,2024,5.14470675657981
HPC,2023,3.46266952839525
HPC,2022,4.87387497765388
HPC,2021,4.3943156092006
HPC,2020,-0.0187133746473904
HPC,2019,4.20482798138602
HPC,2018,4.19381222105785
HPC,2017,5.0460102323685
HPC,2016,4.32522802984808
HPC,2015,4.90684629199932
IBD,2024,4.35176424289571
IBD,2023,4.81760583401356
IBD,2022,3.77001425774095
IBD,2021,7.62576674177033
IBD,2020,-1.2820422988441
IBD,2019,3.99080401565344
IBD,2018,4.86060185522661
IBD,2017,5.16244544363352
IBD,2016,4.44236398168836
IBD,2015,4.31724520804923
IBT,2024,4.34846625464446
IBT,2023,4.68849828972198
IBT,2022,3.82613307769597
IBT,2021,7.35278447207351
IBT,2020,-1.32167856256848
IBT,2019,3.98606377777533
IBT,2018,4.82305890086465
IBT,2017,5.07269308321443
IBT,2016,4.34774011294105
IBT,2015,4.2485578828191
IDB,2024,4.05581991807422
IDB,2023,2.82562013423187
IDB,2022,4.79819828416285
IDB,2021,4.29411724945791
IDB,2020,-3.29396031642257
IDB,2019,3.02295777419029
IDB,2018,3.86333443843708
IDB,2017,2.77873930269396
IDB,2016,2.26871058517055
IDB,2015,3.83520190776083
IDX,2024,4.54306460750762
IDX,2023,3.25506752972092
IDX,2022,4.30600397002799
IDX,2021,3.66758077651031
IDX,2020,-0.368060971666011
IDX,2019,4.82215447558036
IDX,2018,4.86177080819164
IDX,2017,5.21800165910943
IDX,2016,4.19959381491357
IDX,2015,3.01768618246332
IDA,2024,4.30577432199132
IDA,2023,3.04547759770905
IDA,2022,4.54563835706816
IDA,2021,3.97167918662413
IDA,2020,-1.8099801648997
IDA,2019,3.92770153634206
IDA,2018,4.36301999279465
IDA,2017,3.98520904781638
IDA,2016,3.2147069999364
IDA,2015,3.43306198935964
LTE,2024,4.48755005392181
LTE,2023,4.42804951199685
LTE,2022,3.28700376545592
LTE,2021,7.59265524240509
LTE,2020,0.23606472189222
LTE,2019,4.74705579855315
LTE,2018,5.43978541970205
LTE,2017,5.26220866778336
LTE,2016,4.45093232964513
LTE,2015,4.70788934981915
LCN,2024,2.25365117533336
LCN,2023,2.2495421023623
LCN,2022,4.08489707535256
LCN,2021,7.06404255272612
LCN,2020,-6.86063404728556
LCN,2019,0.312079320235867
LCN,2018,1.21791319664719
LCN,2017,1.55329227272067
LCN,2016,-0.729799173418968
LCN,2015,0.238232860625814
LAC,2024,1.97324501012739
LAC,2023,2.16624377428548
LAC,2022,3.94705326197962
LAC,2021,6.90270247216083
LAC,2020,-6.54995286111402
LAC,2019,0.597515256905496
LAC,2018,1.54415671756763
LAC,2017,1.98152090808898
LAC,2016,-0.536114860487686
LAC,2015,0.252853446703966
TLA,2024,2.27814705092769
TLA,2023,2.32602977369942
TLA,2022,4.11782588294029
TLA,2021,7.26349029603928
TLA,2020,-6.78294271787128
TLA,2019,0.28965539868031
TLA,2018,1.30250308015485
TLA,2017,1.62111189870491
TLA,2016,-0.74776428360714
TLA,2015,0.187808812059515
LDC,2024,3.85645809654658
LDC,2023,3.02879949936965
LDC,2022,4.75099901471464
LDC,2021,2.8680415794319
LDC,2020,-0.084161466625801
LDC,2019,4.91325561043519
LDC,2018,4.65941908831795
LDC,2017,4.4987096336715
LDC,2016,3.65690967534613
LDC,2015,2.75062771857759
LMY,2024,4.36075037491025
LMY,2023,4.8226754547823
LMY,2022,3.99985001578578
LMY,2021,7.38651702793516
LMY,2020,-1.12138803182505
LMY,2019,4.15795444216964
LMY,2018,4.99253371729228
LMY,2017,5.33414452329365
LMY,2016,4.73589340027773
LMY,2015,4.69423819182255
MEA,2024,2.11232485351741
MEA,2023,2.25920706136691
MEA,2022,6.4465289217368
MEA,2021,5.03631361698847
MEA,2020,-3.58499748950123
MEA,2019,1.59137160696825
MEA,2018,2.3999522914998
MEA,2017,2.07651843299037
MEA,2016,4.49846676594123
MEA,2015,2.77016552351637
MNA,2024,2.22259348944316
MNA,2023,2.85265290265325
MNA,2022,4.32972249891917
MNA,2021,4.33216201656492
MNA,2020,-2.63476856206411
MNA,2019,1.39233381379324
MNA,2018,2.10017249362863
MNA,2017,3.40363074392963
MNA,2016,5.56693551530638
MNA,2015,1.11209373505632
TMN,2024,2.41973722378488
TMN,2023,2.90736899917957
TMN,2022,4.33155082949985
TMN,2021,4.3128229659946
TMN,2020,-2.56591730467834
TMN,2019,1.39256894290483
TMN,2018,2.10715733011398
TMN,2017,3.4198181339446
TMN,2016,5.54085474867692
TMN,2015,1.09198112085784
MIC,2024,4.38303528532211
MIC,2023,4.88060310294016
MIC,2022,4.00728998415607
MIC,2021,7.46158157346058
MIC,2020,-1.12103096286306
MIC,2019,4.17222345719388
MIC,2018,5.01977524585533
MIC,2017,5.3794397561883
MIC,2016,4.79383614545681
MIC,2015,4.79323569638042
NAC,2024,2.69993075266272
NAC,2023,2.78367390829352
NAC,2022,2.64058278650343
NAC,2021,6.0466919748077
NAC,2020,-2.38862032137294
NAC,2019,2.53012511444722
NAC,2018,2.94780933880656
NAC,2017,2.50304866957114
NAC,2016,1.75713430738413
NAC,2015,2.76027570206345
OED,2024,1.80676868744595
OED,2023,1.82235680918733
OED,2022,3.09501591343316
OED,2021,5.9755204126343
OED,2020,-3.88927214744993
OED,2019,1.84575810333803
OED,2018,2.3646207330156
OED,2017,2.61694093867455
OED,2016,1.86249391596978
OED,2015,2.51027367143098
OSS,2024,2.8832579743179
OSS,2023,3.20990960730505
OSS,2022,4.35703581894087
OSS,2021,8.00516977657277
OSS,2020,-5.79748440207983
OSS,2019,4.24479955996004
OSS,2018,4.35830092725908
OSS,2017,5.06107673012673
OSS,2016,4.11091200572844
OSS,2015,3.3511007552562
PSS,2024,3.39271983855302
PSS,2023,6.92898966603425
PSS,2022,8.46598449677872
PSS,2021,-2.70502133423179
PSS,2020,-10.2494743524661
PSS,2019,1.13416567850717
PSS,2018,2.72096683103047
PSS,2017,3.9129814304377
PSS,2016,3.71614197204156
PSS,2015,4.00430128788743
PST,2024,1.79546895973735
PST,2023,1.83179267822689
PST,2022,2.79274034092423
PST,2021,5.68828382614926
PST,2020,-4.06542885568155
PST,2019,1.81429619722211
PST,2018,2.26322982357576
PST,2017,2.48507639025186
PST,2016,1.81390436287271
PST,2015,2.23434134376603
PRE,2024,3.31272809044798
PRE,2023,2.44869670150128
PRE,2022,4.67657631651602
PRE,2021,2.36174281983834
PRE,2020,-4.07689259671025
PRE,2019,3.2246807239321
PRE,2018,2.65776473209326
PRE,2017,1.6535406433002
PRE,2016,2.38522657165296
PRE,2015,3.04222828048582
SST,2024,6.12150935431906
SST,2023,5.02809903605001
SST,2022,7.43586182979632
SST,2021,7.10866076587615
SST,2020,-6.92604543465643
SST,2019,3.1161369349748
SST,2018,3.34531380330635
SST,2017,3.21452136710903
SST,2016,1.76290719160697
SST,2015,2.23701449577467
SAS,2024,6.23259967615652
SAS,2023,8.50528885307943
SAS,2022,7.10115392630797
SAS,2021,9.24659959728567
SAS,2020,-4.98750173651176
SAS,2019,4.09454306508007
SAS,2018,6.3936663253368
SAS,2017,6.78411966003432
SAS,2016,7.96912333627881
SAS,2015,7.68973935167961
TSA,2024,6.23259967615652
TSA,2023,8.50528885307943
TSA,2022,7.10115392630797
TSA,2021,9.24659959728567
TSA,2020,-4.98750173651176
TSA,2019,4.09454306508007
TSA,2018,6.3936663253368
TSA,2017,6.78411966003432
TSA,2016,7.96912333627881
TSA,2015,7.68973935167961
SSF,2024,3.59733324708964
SSF,2023,2.7159883966887
SSF,2022,4.06140756050381
SSF,2021,3.65270461847631
SSF,2020,-3.23642852363861
SSF,2019,2.60045190740452
SSF,2018,2.79599960832644
SSF,2017,2.50364867338814
SSF,2016,1.23789307986233
SSF,2015,2.93349224419013
SSA,2024,3.36470475625492
SSA,2023,2.50028576028929
SSA,2022,3.98372703715641
SSA,2021,3.54849305203753
SSA,2020,-3.68262496685315
SSA,2019,2.33076955183513
SSA,2018,2.61514307100069
SSA,2017,2.20658288443376
SSA,2016,0.914986377156993
SSA,2015,2.66333358756611
TSS,2024,3.59733324708964
TSS,2023,2.71598839668872
TSS,2022,4.0614075605038
TSS,2021,3.65270461847631
TSS,2020,-3.23642852363861
TSS,2019,2.60045190740459
TSS,2018,2.79599960832637
TSS,2017,2.50364867338814
TSS,2016,1.23789307986235
TSS,2015,2.93349224419011
WLD,2024,2.87194964204313
WLD,2023,2.9485947500487
WLD,2022,3.40305483746891
WLD,2021,6.41334961541973
WLD,2020,-2.8992231033702
WLD,2019,2.67911757479919
WLD,2018,3.27395826417856
WLD,2017,3.45183009055707
WLD,2016,2.79359207247063
WLD,2015,3.11378907834442
AFG,2023,2.26694373649188
AFG,2022,-6.24017199240269
AFG,2021,-20.7388393676343
AFG,2020,-2.35110067203466
AFG,2019,3.91160341625552
AFG,2018,1.18922812944517
AFG,2017,2.6470032027451
AFG,2016,2.26031420279821
AFG,2015,1.45131466066431
ALB,2024,4.04592845095348
ALB,2023,4.01541716935742
ALB,2022,4.8268006234359
ALB,2021,8.96957619074095
ALB,2020,-3.31375636888916
ALB,2019,2.06257790176122
ALB,2018,3.67141928098908
ALB,2017,3.28317593330073
ALB,2016,3.90893551362245
ALB,2015,2.2277040745779
DZA,2024,3.69999999907979
DZA,2023,4.10000000005964
DZA,2022,3.60000000094915
DZA,2021,3.79999999900707
DZA,2020,-4.99999999908597
DZA,2019,0.899999999219148
DZA,2018,1.40000000088281
DZA,2017,1.49999999895587
DZA,2016,3.90000000017621
DZA,2015,3.20000000089023
ASM,2022,1.73501577287065
ASM,2021,-0.782472613458523
ASM,2020,4.41176470588236
ASM,2019,-0.487804878048777
ASM,2018,2.6711185308848
ASM,2017,-6.98757763975155
ASM,2016,-1.67938931297709
ASM,2015,3.14960629921259
AND,2024,3.37182032638998
AND,2023,2.58355480961319
AND,2022,9.56461225648184
AND,2021,8.28677879049404
AND,2020,-11.1839399355384
AND,2019,2.01554763848308
AND,2018,1.58876549046354
AND,2017,0.346071889630295
AND,2016,3.70967806978986
AND,2015,1.43414039522716
AGO,2024,4.42390664406875
AGO,2023,1.26330814020108
AGO,2022,4.21600258475137
AGO,2021,2.10275251923413
AGO,2020,-4.04244724639663
AGO,2019,-0.204680245744115
AGO,2018,-0.59441122698307
AGO,2017,-0.149396225571834
AGO,2016,-1.70053036291208
AGO,2015,0.763177710914789
ATG,2024,3.65638765956977
ATG,2023,2.42736300110336
ATG,2022,9.10780623385958
ATG,2021,8.17286311186622
ATG,2020,-18.8687765208148
ATG,2019,3.1722219373937
ATG,2018,6.71200487159726
ATG,2017,2.71272657973627
ATG,2016,4.1203675438061
ATG,2015,1.42161997595372
ARG,2024,-1.34293072157739
ARG,2023,-1.85578803046339
ARG,2022,6.02074537534855
ARG,2021,10.4418119882506
ARG,2020,-9.9004848136464
ARG,2019,-2.00086100285785
ARG,2018,-2.61739646282038
ARG,2017,2.81850297775918
ARG,2016,-2.08032784377811
ARG,2015,2.73115982828944
ARM,2024,5.90000000046228
ARM,2023,8.29999999959539
ARM,2022,12.5999999997766
ARM,2021,5.80000000065645
ARM,2020,-7.19999999920631
ARM,2019,7.59999999853918
ARM,2018,5.19999999965324
ARM,2017,7.50000000164144
ARM,2016,0.199999999825991
ARM,2015,3.19999999896625
ABW,2024,6.81077669324542
ABW,2023,7.70679839650956
ABW,2022,10.6364309604414
ABW,2021,14.7306159219273
ABW,2020,-23.8979898352395
ABW,2019,1.22511225158814
ABW,2018,3.21247111920076
ABW,2017,3.49342985290626
ABW,2016,1.23433537363427
ABW,2015,3.61147995361162
AUS,2024,1.37340773365975
AUS,2023,3.58382100798981
AUS,2022,4.25304559238732
AUS,2021,2.00694844335034
AUS,2020,-0.133531904304775
AUS,2019,2.19401703622717
AUS,2018,2.87417039499501
AUS,2017,2.29331030192918
AUS,2016,2.75564065529868
AUS,2015,2.16434780647852
AUT,2024,-0.659089573171372
AUT,2023,-0.786244288594673
AUT,2022,5.33096379400371
AUT,2021,4.92309171717903
AUT,2020,-6.31825509209936
AUT,2019,1.75497619649288
AUT,2018,2.48422114080024
AUT,2017,2.27224992038207
AUT,2016,2.11721964494312
AUT,2015,1.30352331826198
AZE,2024,4.07140205008956
AZE,2023,1.35447749115767
AZE,2022,4.71468033247649
AZE,2021,5.61644027150554
AZE,2020,-4.19896065333343
AZE,2019,2.47980879185565
AZE,2018,1.50040167167313
AZE,2017,0.153614661745507
AZE,2016,-3.06359842251706
AZE,2015,1.04954641215085
BHS,2024,3.37866553336166
BHS,2023,3.04824180553773
BHS,2022,10.8779009410268
BHS,2021,17.5861390037409
BHS,2020,-20.0893664891399
BHS,2019,-0.838585871193203
BHS,2018,2.39795510823548
BHS,2017,3.3713988456489
BHS,2016,-1.15650811269629
BHS,2015,0.997411675486745
BHR,2024,2.60379670648454
BHR,2023,3.87811614845566
BHR,2022,6.18016125475185
BHR,2021,4.35004091668986
BHR,2020,-5.9113629524152
BHR,2019,2.05287774418655
BHR,2018,2.05258864979861
BHR,2017,4.95383534123657
BHR,2016,3.81499327422425
BHR,2015,2.50787205267615
BGD,2024,4.22325911250161
BGD,2023,5.77511237007889
BGD,2022,7.09982877575158
BGD,2021,6.93867912442445
BGD,2020,3.44801755122445
BGD,2019,7.88191515117722
BGD,2018,7.31941263014136
BGD,2017,6.59024999794057
BGD,2016,7.11347821270093
BGD,2015,6.55263987816197
BRB,2024,2.4822621396186
BRB,2023,2.914357359625
BRB,2022,17.2264626793379
BRB,2021,-0.0967779613221893
BRB,2020,-14.3647119341564
BRB,2019,0.227712137486577
BRB,2018,-1.2760241773002
BRB,2017,0.708386729317951
BRB,2016,1.49650622520576
BRB,2015,-1.17048018967635
BLR,2024,4.00984852465452
BLR,2023,4.12654007153881
BLR,2022,-4.65839591328999
BLR,2021,2.43886210234947
BLR,2020,-0.672742918585868
BLR,2019,1.44645548204305
BLR,2018,3.14919758275296
BLR,2017,2.53218349471909
BLR,2016,-2.5264464460425
BLR,2015,-3.82957056812593
BEL,2024,1.07045413019414
BEL,2023,1.71412195515242
BEL,2022,3.9562379757933
BEL,2021,6.25445686466593
BEL,2020,-4.7929839083518
BEL,2019,2.4428900448156
BEL,2018,1.87796847383565
BEL,2017,1.47446761556785
BEL,2016,1.19350273007754
BEL,2015,1.47416433731927
BLZ,2024,3.50466435023895
BLZ,2023,0.500127941638667
BLZ,2022,9.25051329530994
BLZ,2021,17.9899244143607
BLZ,2020,-13.5228997055506
BLZ,2019,4.25658710030072
BLZ,2018,0.822068592512508
BLZ,2017,-1.83323729057784
BLZ,2016,-0.0187414958130319
BLZ,2015,2.7602602736023
BEN,2024,7.45311566226201
BEN,2023,6.3527773854442
BEN,2022,6.25294705373625
BEN,2021,7.1554516457574
BEN,2020,3.84879240030133
BEN,2019,6.86568662848335
BEN,2018,6.69725362180888
BEN,2017,5.67156195150444
BEN,2016,3.33967342629693
BEN,2015,1.77815106030278
BMU,2024,5.97253260071749
BMU,2023,4.91721557264164
BMU,2022,6.47622571186707
BMU,2021,4.60742917109469
BMU,2020,-6.82757303480177
BMU,2019,0.307106461240664
BMU,2018,-0.432801300339307
BMU,2017,3.61141983706115
BMU,2016,-0.657206304259205
BMU,2015,0.775529699568978
BTN,2023,4.63215704523927
BTN,2022,5.21386783786224
BTN,2021,4.42136738945015
BTN,2020,-10.2183974208569
BTN,2019,5.75514851246506
BTN,2018,3.50187185732737
BTN,2017,2.08684522733067
BTN,2016,8.47594339232963
BTN,2015,6.66080128866197
BOL,2024,-1.12335595517212
BOL,2023,2.51636590154891
BOL,2022,3.74741781241461
BOL,2021,10.0290488827886
BOL,2020,-12.7194690092717
BOL,2019,1.50672102666863
BOL,2018,2.86808404814794
BOL,2017,4.19520633360403
BOL,2016,4.26392086382097
BOL,2015,4.8571871797142
BIH,2024,2.9715174617652
BIH,2023,1.99439414850893
BIH,2022,4.22681333390325
BIH,2021,7.39164256472846
BIH,2020,-3.01509335460439
BIH,2019,2.88585242083978
BIH,2018,3.82900399349064
BIH,2017,3.24409895306594
BIH,2016,3.24225822231566
BIH,2015,4.28413016137854
BWA,2024,-2.98986879467928
BWA,2023,3.20806812224438
BWA,2022,5.48601706446772
BWA,2021,11.9162724376008
BWA,2020,-8.72888243996397
BWA,2019,3.0317733945467
BWA,2018,4.18869237159223
BWA,2017,4.11437856445083
BWA,2016,7.20442475914267
BWA,2015,-4.85132507409779
BRA,2024,3.41931516597739
BRA,2023,3.24165532813583
BRA,2022,3.01669435408112
BRA,2021,4.7626043797061
BRA,2020,-3.27675879612903
BRA,2019,1.22077782271943
BRA,2018,1.78366676137003
BRA,2017,1.32286905390815
BRA,2016,-3.2759169063211
BRA,2015,-3.54576339347278
BRN,2024,4.05251709306727
BRN,2023,1.12764418162719
BRN,2022,-1.62833154515108
BRN,2021,-1.59076260099606
BRN,2020,1.1335733495246
BRN,2019,3.86884436177075
BRN,2018,0.0523710418528935
BRN,2017,1.32872661057823
BRN,2016,-2.47791771833224
BRN,2015,-0.392383749502031
BGR,2024,3.38709063847314
BGR,2023,1.68151074972904
BGR,2022,4.0838640915123
BGR,2021,7.82817232822165
BGR,2020,-3.13323303076419
BGR,2019,3.79331765354152
BGR,2018,2.33015213407045
BGR,2017,2.74592676054861
BGR,2016,3.02662841229517
BGR,2015,3.39755336780412
BFA,2024,4.79980951667159
BFA,2023,3.00027415814125
BFA,2022,1.62673258211919
BFA,2021,6.94252492572348
BFA,2020,2.01077262406221
BFA,2019,5.88920497068135
BFA,2018,6.60456906812341
BFA,2017,6.20348941121868
BFA,2016,5.95797670754024
BFA,2015,3.9212287937935
BDI,2024,4.11227376264944
BDI,2023,3.254768974261
BDI,2022,2.31770122223331
BDI,2021,3.23707479823578
BDI,2020,0.306443809481593
BDI,2019,4.45934202358784
BDI,2018,5.3422447312502
BDI,2017,3.83185756925806
BDI,2016,3.20017470604286
BDI,2015,-0.404525595204191
CPV,2024,7.24388538990945
CPV,2023,4.7947613911073
CPV,2022,15.843675684642
CPV,2021,7.03353010694514
CPV,2020,-20.8052758990735
CPV,2019,6.94782634051859
CPV,2018,3.70696458310842
CPV,2017,4.5513148102974
CPV,2016,4.28071482662371
CPV,2015,0.936026507808833
KHM,2024,5.97510939607335
KHM,2023,5.00733043811898
KHM,2022,5.12990110773977
KHM,2021,3.08984284148661
KHM,2020,-3.55572193406549
KHM,2019,7.93695013588524
KHM,2018,8.77622376224463
KHM,2017,8.07503915535979
KHM,2016,7.90550116130704
KHM,2015,7.20703472529512
CMR,2024,3.52472308052245
CMR,2023,3.34756290750219
CMR,2022,3.7367840056412
CMR,2021,3.33885747179505
CMR,2020,0.259932915907115
CMR,2019,3.47505998194981
CMR,2018,3.95551423892049
CMR,2017,3.54117654926007
CMR,2016,4.53579423678801
CMR,2015,5.66695298703932
CAN,2024,1.55479521049516
CAN,2023,1.52874550838358
CAN,2022,4.18903628100851
CAN,2021,5.95052802804381
CAN,2020,-5.03823343468899
CAN,2019,1.90843194590616
CAN,2018,2.74296344906655
CAN,2017,3.03383491200222
CAN,2016,1.03855092490855
CAN,2015,0.649971001734855
CYM,2023,5.8155918263088
CYM,2022,5.77566708028824
CYM,2021,4.86941655353661
CYM,2020,-4.95480732200573
CYM,2019,3.91563637725301
CYM,2018,4.26726567162505
CYM,2017,3.18404730726789
CYM,2016,3.23997361448569
CYM,2015,2.83312242670048
CAF,2024,1.49999999847535
CAF,2023,0.69996840076054
CAF,2022,0.453901876447787
CAF,2021,0.982919996264229
CAF,2020,0.899999996857062
CAF,2019,3.09999999999999
CAF,2018,3.78944359275462
CAF,2017,4.52727821346231
CAF,2016,4.75031684122342
CAF,2015,4.33712103020231
TCD,2024,4.19925854085865
TCD,2023,3.98004368401293
TCD,2022,4.12969897676332
TCD,2021,0.29344264815208
TCD,2020,-0.393646583111035
TCD,2019,5.3828220290379
TCD,2018,5.74111580758154
TCD,2017,-1.61746922760291
TCD,2016,-4.12250332670322
TCD,2015,3.30415979759636
CHI,2023,3.71500590367266
CHI,2022,5.34196140375869
CHI,2021,9.93680136985076
CHI,2020,-8.89677926591959
CHI,2019,1.57335596156342
CHI,2018,1.1222435658518
CHI,2017,1.80648131383585
CHI,2016,1.21302407657195
CHI,2015,0.374367083829384
CHL,2024,2.64431154871538
CHL,2023,0.521367977246825
CHL,2022,2.15399356192458
CHL,2021,11.3149204879049
CHL,2020,-6.14347479224092
CHL,2019,0.634367533828438
CHL,2018,3.99002947789977
CHL,2017,1.35769537343957
CHL,2016,1.753038749071
CHL,2015,2.15194249981184
CHN,2024,4.9773565917572
CHN,2023,5.41484330099675
CHN,2022,3.1341888719577
CHN,2021,8.57008513166322
CHN,2020,2.34018843078414
CHN,2019,6.06850235053705
CHN,2018,6.75671800166833
CHN,2017,6.8912663621211
CHN,2016,6.77555562837017
CHN,2015,6.97878002657477
COL,2024,1.5983315366523
COL,2023,0.712380031974334
COL,2022,7.32827729427979
COL,2021,10.8011981904878
COL,2020,-7.18591413760859
COL,2019,3.18685539245533
COL,2018,2.56432428277704
COL,2017,1.35936086788746
COL,2016,2.08738250162794
COL,2015,2.95590137527523
COM,2024,3.3381010943571
COM,2023,2.99521564038136
COM,2022,2.60301031927843
COM,2021,2.0001921183449
COM,2020,-0.195577456821965
COM,2019,1.76070164655727
COM,2018,3.64259587408398
COM,2017,3.81570211280726
COM,2016,3.32039987961315
COM,2015,1.14747399397193
COD,2024,6.12675551779212
COD,2023,8.5334898318451
COD,2022,9.31116944064918
COD,2021,6.42961005647355
COD,2020,0.775427992354622
COD,2019,0.555384294580819
COD,2018,6.07168870646615
COD,2017,4.24121047272719
COD,2016,0.393832798154563
COD,2015,6.35973756164829
COG,2024,2.57966943921721
COG,2023,1.90686426346754
COG,2022,1.47535613247133
COG,2021,1.01507036990908
COG,2020,-6.26777227963225
COG,2019,1.12447391976529
COG,2018,-2.30431780125842
COG,2017,-5.59477371915547
COG,2016,-8.68524343913786
COG,2015,0.415193061293763
CRI,2024,4.32122429646145
CRI,2023,5.11192183224598
CRI,2022,4.55149177958398
CRI,2021,7.93576224743147
CRI,2020,-4.27335432161462
CRI,2019,2.41751181762513
CRI,2018,2.6159044043379
CRI,2017,4.1576989627609
CRI,2016,4.20432325175899
CRI,2015,3.65208096802883
CIV,2024,6.01953461940062
CIV,2023,6.60000045223954
CIV,2022,6.39988362720531
CIV,2021,7.06332910205232
CIV,2020,0.699728593494228
CIV,2019,6.72137167584978
CIV,2018,4.84314605889178
CIV,2017,7.41076242592504
CIV,2016,7.17275963956332
CIV,2015,7.19494942728191
HRV,2024,3.82688702890739
HRV,2023,3.76164540703459
HRV,2022,7.29445343642668
HRV,2021,12.6322190351024
HRV,2020,-8.31086401501189
HRV,2019,3.10152683894853
HRV,2018,2.91107593407843
HRV,2017,3.28396321643012
HRV,2016,3.46646114288178
HRV,2015,2.31998692708386
CUB,2024,-1.06173273220524
CUB,2023,-1.92937123169681
CUB,2022,1.77465227724316
CUB,2021,1.25448735650322
CUB,2020,-10.9494359030206
CUB,2019,-0.163087223606624
CUB,2018,2.24794852913217
CUB,2017,1.80979178380274
CUB,2016,0.512843095700745
CUB,2015,4.4383335888395
CUW,2024,5.02690000000014
CUW,2023,4.20199999999977
CUW,2022,6.90599999999999
CUW,2021,4.18371193053579
CUW,2020,-18.4384703505393
CUW,2019,-3.20613171902549
CUW,2018,-2.10411142994484
CUW,2017,-1.27620931537493
CUW,2016,-1.06770769957464
CUW,2015,0.45815174597594
CYP,2024,3.94077381708404
CYP,2023,3.61945644636856
CYP,2022,8.27372597293814
CYP,2021,11.3975590801512
CYP,2020,-3.22063018637567
CYP,2019,5.87559583386607
CYP,2018,6.27166360056404
CYP,2017,5.75083236554525
CYP,2016,6.57359080924678
CYP,2015,3.41892038889013
CZE,2024,1.23308611983484
CZE,2023,0.0475803308973752
CZE,2022,2.8471706583814
CZE,2021,4.02901832055149
CZE,2020,-5.30487955463876
CZE,2019,3.56577658128261
CZE,2018,2.83030588267866
CZE,2017,5.17356529967881
CZE,2016,2.58087013921376
CZE,2015,4.95875848915604
DNK,2024,3.47783593140312
DNK,2023,0.604587766175584
DNK,2022,0.443832614908331
DNK,2021,6.50025445756295
DNK,2020,-1.78010601831291
DNK,2019,1.71140093932736
DNK,2018,1.8600074900921
DNK,2017,3.05647723922718
DNK,2016,3.07304549209093
DNK,2015,2.10441456445301
DJI,2024,6.98048467276334
DJI,2023,6.80733529403308
DJI,2022,5.16653702854374
DJI,2021,4.40715667561153
DJI,2020,1.2021151728969
DJI,2019,5.54508081154978
DJI,2018,4.77433934943193
DJI,2017,5.458091517212
DJI,2016,7.1234323372872
DJI,2015,7.30898563450799
DMA,2024,2.052738472526
DMA,2023,3.65221012208734
DMA,2022,10.3968076616121
DMA,2021,5.37983838954712
DMA,2020,-15.7064024545862
DMA,2019,3.94809757938053
DMA,2018,2.964010610466
DMA,2017,-7.5443637547282
DMA,2016,1.44724556489263
DMA,2015,-3.37338262476895
DOM,2024,4.95352204492849
DOM,2023,2.19229848237939
DOM,2022,5.23795652902595
DOM,2021,14.0124289062207
DOM,2020,-7.92905234231061
DOM,2019,4.8940301149584
DOM,2018,7.09751640210159
DOM,2017,3.93386176401576
DOM,2016,6.71974078681295
DOM,2015,6.98771131236387
ECU,2024,-2.00125476341026
ECU,2023,1.98823813984235
ECU,2022,5.86842354862311
ECU,2021,9.42189269033631
ECU,2020,-9.24509619165865
ECU,2019,0.1654044646003
ECU,2018,1.04429460679607
ECU,2017,5.97039880954841
ECU,2016,-0.687954245877947
ECU,2015,0.119692109287612
EGY,2024,2.3991692678251
EGY,2023,3.76028052279247
EGY,2022,6.58784560886967
EGY,2021,3.29064601202211
EGY,2020,3.55016483786838
EGY,2019,5.55209307156956
EGY,2018,5.3311086189448
EGY,2017,4.18122099994778
EGY,2016,4.34664345555447
EGY,2015,4.37201907790141
SLV,2024,2.60202016121069
SLV,2023,3.5391566928735
SLV,2022,2.95461516549889
SLV,2021,11.9047617015957
SLV,2020,-7.893101359867
SLV,2019,2.43747159065784
SLV,2018,2.4124442237792
SLV,2017,2.24761908134138
SLV,2016,2.53906241135864
SLV,2015,2.40000008852115
GNQ,2024,0.907248245986736
GNQ,2023,-5.08930872071532
GNQ,2022,3.22350831658598
GNQ,2021,0.860269956382069
GNQ,2020,-4.79108083383294
GNQ,2019,-5.48182537893445
GNQ,2018,-6.23654406734575
GNQ,2017,-5.66750850486686
GNQ,2016,-8.81641723219757
GNQ,2015,-9.11004114881537
EST,2024,-0.0900428648493801
EST,2023,-2.74421914571231
EST,2022,-1.22616966587796
EST,2021,8.25488044580031
EST,2020,-2.88380751483778
EST,2019,3.72664943466884
EST,2018,3.69969756161726
EST,2017,5.63467248963991
EST,2016,3.09301920751959
EST,2015,1.83815262882932
SWZ,2024,2.97391075973985
SWZ,2023,3.53257662836211
SWZ,2022,0.386070835562705
SWZ,2021,4.23621913615419
SWZ,2020,-2.95183453409287
SWZ,2019,6.43186888691574
SWZ,2018,0.0653956557843571
SWZ,2017,3.52095345987983
SWZ,2016,2.94916821059911
SWZ,2015,1.70425806017289
ETH,2024,7.61277447511073
ETH,2023,6.59424599357075
ETH,2022,5.32175988403378
ETH,2021,5.64153069257077
ETH,2020,6.05953089054807
ETH,2019,8.36408573314054
ETH,2018,6.81614778557282
ETH,2017,9.56418965754014
ETH,2016,9.43348265981905
ETH,2015,10.3924630141307
FRO,2024,0.843716851362103
FRO,2023,3.15873872329266
FRO,2022,3.86099981669155
FRO,2021,5.06636291600633
FRO,2020,-1.63732118017028
FRO,2019,4.53851028676189
FRO,2018,2.76370952267429
FRO,2017,3.51201367488443
FRO,2016,1.38644795938293
FRO,2015,0.958001934486234
FJI,2024,3.53085896076352
FJI,2023,9.44245856738313
FJI,2022,17.7451269773594
FJI,2021,-4.3459619989752
FJI,2020,-17.1835352599354
FJI,2019,-0.581946709343867
FJI,2018,3.81235122208561
FJI,2017,5.35336455965039
FJI,2016,2.44565179664245
FJI,2015,4.50120041028725
FIN,2024,0.416171964862073
FIN,2023,-0.939093459613758
FIN,2022,0.763041912763526
FIN,2021,2.67634641498897
FIN,2020,-2.49103605535707
FIN,2019,1.34973845741737
FIN,2018,1.19297759742292
FIN,2017,3.30337003591039
FIN,2016,2.57193414898754
FIN,2015,0.466503766322674
FRA,2024,1.19046798275883
FRA,2023,1.43921494437743
FRA,2022,2.71676264185913
FRA,2021,6.88233783360239
FRA,2020,-7.44064589948231
FRA,2019,2.02744646419237
FRA,2018,1.64590872395887
FRA,2017,2.08361485997399
FRA,2016,0.860031075424033
FRA,2015,1.06675474783462
PYF,2024,1.12638897730247
PYF,2023,2.77284077155413
PYF,2022,2.9373470716322
PYF,2021,3.36590242421546
PYF,2020,-10.5738138632489
PYF,2019,2.68946658143334
PYF,2018,1.80687498305207
PYF,2017,4.29263363103487
PYF,2016,2.30219823670438
PYF,2015,1.80334081452726
GAB,2024,3.39403899592401
GAB,2023,2.43893665064327
GAB,2022,3.03761449530657
GAB,2021,1.46795731487489
GAB,2020,-1.83776106357656
GAB,2019,3.92080879452831
GAB,2018,0.83791658082157
GAB,2017,0.472642030911146
GAB,2016,2.09144220829562
GAB,2015,3.8788993950789
GMB,2024,5.55126069510321
GMB,2023,5.9167957146697
GMB,2022,5.49299823010114
GMB,2021,5.25596878816744
GMB,2020,0.591487287873974
GMB,2019,6.22205315994859
GMB,2018,7.23489033258579
GMB,2017,4.8226112492757
GMB,2016,1.94335965478776
GMB,2015,4.0580738039996
GEO,2024,9.67979387500691
GEO,2023,7.83220126555726
GEO,2022,10.9585321385624
GEO,2021,10.6442336580969
GEO,2020,-6.2904717853839
GEO,2019,5.38071926589951
GEO,2018,6.062036412677
GEO,2017,5.15990261658827
GEO,2016,3.45021517996871
GEO,2015,3.35102350265353
DEU,2024,-0.495851897260366
DEU,2023,-0.869647578573321
DEU,2022,1.8092581243061
DEU,2021,3.90999994204108
DEU,2020,-4.13191443239947
DEU,2019,0.977734697038784
DEU,2018,1.13569604599849
DEU,2017,2.797906720551
DEU,2016,2.22222216259371
DEU,2015,1.66300602334775
GHA,2024,5.59045469593266
GHA,2023,3.14009099763754
GHA,2022,3.80484980952164
GHA,2021,5.07646643533542
GHA,2020,0.513941670628171
GHA,2019,6.5077747939152
GHA,2018,6.20007768127284
GHA,2017,8.12889488100956
GHA,2016,3.37346574966936
GHA,2015,2.12075933817334
GRC,2024,2.0865743380603
GRC,2023,2.13591131996631
GRC,2022,5.52198580589408
GRC,2021,8.65449786002131
GRC,2020,-9.19623149726978
GRC,2019,2.27718065334808
GRC,2018,2.06467207892409
GRC,2017,1.47312472702352
GRC,2016,-0.0317947678412054
GRC,2015,-0.228301892172851
GRL,2023,0.865961986998158
GRL,2022,2.00455580865604
GRL,2021,1.63409410992996
GRL,2020,0.250789762104304
GRL,2019,2.83217756798683
GRL,2018,0.62306542854094
GRL,2017,0.0527281828800312
GRL,2016,4.68195410972302
GRL,2015,-2.52931802394475
GRD,2024,3.96332516398188
GRD,2023,4.52657497450693
GRD,2022,7.31023806981959
GRD,2021,4.6977240232674
GRD,2020,-13.7566222572107
GRD,2019,0.676511738873756
GRD,2018,4.36144039364797
GRD,2017,4.43867566948151
GRD,2016,3.7396039558691
GRD,2015,6.44522314693144
GUM,2022,5.09986426216793
GUM,2021,2.0581832574708
GUM,2020,-10.5188595714539
GUM,2019,2.52360203340596
GUM,2018,-0.828231904933389
GUM,2017,0.890099909173486
GUM,2016,0.18198362147406
GUM,2015,0.825688073394488
GTM,2024,3.65186382894819
GTM,2023,3.5331575177533
GTM,2022,4.18451817243695
GTM,2021,8.04170378184928
GTM,2020,-1.78555175063326
GTM,2019,4.01789785040324
GTM,2018,3.40687348346576
GTM,2017,3.07985126948702
GTM,2016,2.67780277623314
GTM,2015,4.09217081621244
GIN,2024,5.35004659051708
GIN,2023,5.54172668627702
GIN,2022,3.97240784200721
GIN,2021,5.5823328114905
GIN,2020,4.70459096113575
GIN,2019,5.61691446889876
GIN,2018,6.35849192736715
GIN,2017,10.3000053427355
GIN,2016,10.82062719659
GIN,2015,3.82591056949435
GNB,2024,4.14631137217332
GNB,2023,5.82749502627256
GNB,2022,5.52987253058352
GNB,2021,5.05055831244401
GNB,2020,2.89139814952995
GNB,2019,5.32749571119344
GNB,2018,3.76145359637003
GNB,2017,4.66367943913264
GNB,2016,5.4326782650304
GNB,2015,6.1340893623123
GUY,2024,43.8193108024355
GUY,2023,33.795011115873
GUY,2022,63.3346343654855
GUY,2021,20.0599975568418
GUY,2020,43.479651716849
GUY,2019,5.35284003535665
GUY,2018,4.44091288475967
GUY,2017,3.73449154571284
GUY,2016,3.80745626378814
GUY,2015,0.687404590619494
HTI,2024,-4.16963395808132
HTI,2023,-1.86388420254838
HTI,2022,-1.68198396897978
HTI,2021,-1.79823988931486
HTI,2020,-3.30550546965893
HTI,2019,-1.72309699839232
HTI,2018,1.66781095484656
HTI,2017,2.51027134544685
HTI,2016,1.81246807847532
HTI,2015,1.40000000859727
HND,2024,3.55397003296669
HND,2023,3.57584760454412
HND,2022,4.14356194013767
HND,2021,12.5652843771279
HND,2020,-8.96508223267296
HND,2019,2.55963434592314
HND,2018,3.84499476966735
HND,2017,4.84291391050387
HND,2016,3.89297219726413
HND,2015,3.84007997093951
HKG,2024,2.50498758466826
HKG,2023,3.2238599613664
HKG,2022,-3.68378414495199
HKG,2021,6.45444409087024
HKG,2020,-6.54480412699255
HKG,2019,-1.6724459934221
HKG,2018,2.84695146463069
HKG,2017,3.79611114629799
HKG,2016,2.17542886502997
HKG,2015,2.38777942738729
HUN,2024,0.560117843140432
HUN,2023,-0.817107370513455
HUN,2022,4.15238057779229
HUN,2021,7.22291580811137
HUN,2020,-4.33872540024058
HUN,2019,5.07718495088933
HUN,2018,5.60613813768876
HUN,2017,4.12418389451805
HUN,2016,2.43864141309342
HUN,2015,3.65981615406955
ISL,2024,-0.970676468918384
ISL,2023,5.18615760140189
ISL,2022,8.82069395623492
ISL,2021,5.1805719742238
ISL,2020,-6.64587816297836
ISL,2019,1.13821230465001
ISL,2018,4.66077032612084
ISL,2017,3.48506703916689
ISL,2016,6.21808764217616
ISL,2015,3.76859023848581
IND,2024,6.49476552383821
IND,2023,9.19075493028345
IND,2022,7.60936497768895
IND,2021,9.68959249192875
IND,2020,-5.77772470686801
IND,2019,3.87143694070356
IND,2018,6.45385134497769
IND,2017,6.79538341897911
IND,2016,8.25630550179086
IND,2015,7.99625378571471
IDN,2024,5.03034469419038
IDN,2023,5.04902331835997
IDN,2022,5.30719722664799
IDN,2021,3.70288562827751
IDN,2020,-2.06551182934165
IDN,2019,5.01928768046282
IDN,2018,5.17429153955024
IDN,2017,5.06978590134916
IDN,2016,5.03306918280177
IDN,2015,4.87632230022123
IRN,2024,3.66312056830718
IRN,2023,5.33235117216407
IRN,2022,4.35281087521344
IRN,2021,4.13089685034471
IRN,2020,4.44180865358672
IRN,2019,-2.36143538770575
IRN,2018,-3.74796015711334
IRN,2017,3.02685468694025
IRN,2016,8.8150866425182
IRN,2015,-1.42488493937503
IRQ,2024,-1.54525198318304
IRQ,2023,0.517705525131191
IRQ,2022,7.95904804992662
IRQ,2021,1.50218070952037
IRQ,2020,-12.0367930931152
IRQ,2019,5.51379057542323
IRQ,2018,2.63385099105624
IRQ,2017,-1.81975035118309
IRQ,2016,13.7873730187089
IRQ,2015,2.60676642939541
IRL,2024,2.59946721553708
IRL,2023,-2.53637409313261
IRL,2022,7.51113888415304
IRL,2021,16.2581881158197
IRL,2020,7.15369505735335
IRL,2019,4.97288003766816
IRL,2018,7.68865937437435
IRL,2017,10.1088576065965
IRL,2016,1.22271661130947
IRL,2015,24.6239856364006
IMN,2022,-4.16539345213232
IMN,2021,3.83783632334639
IMN,2020,-8.83681697473475
IMN,2019,0.254877847398262
IMN,2018,2.2133975392251
IMN,2017,2.83775807093689
IMN,2016,6.95230284899407
IMN,2015,-0.385866882198087
ISR,2024,0.871968424377442
ISR,2023,1.82652049482384
ISR,2022,6.26326343841286
ISR,2021,9.38837403354628
ISR,2020,-2.02161548237589
ISR,2019,3.71049632750405
ISR,2018,4.00389862187025
ISR,2017,4.3469311670646
ISR,2016,4.45978271860821
ISR,2015,2.23760317482488
ITA,2024,0.692676948440536
ITA,2023,0.975694840127005
ITA,2022,4.82117669913565
ITA,2021,8.93106210800055
ITA,2020,-8.86822122185345
ITA,2019,0.429162533780342
ITA,2018,0.826646712344115
ITA,2017,1.60369995294101
ITA,2016,1.23622108511661
ITA,2015,0.885667635240807
JAM,2024,-0.535039063867487
JAM,2023,2.74634433906714
JAM,2022,6.43930323656186
JAM,2021,5.70467978309095
JAM,2020,-8.30441923583135
JAM,2019,1.80943147301357
JAM,2018,2.51584458612513
JAM,2017,2.29303371291363
JAM,2016,2.76043761369557
JAM,2015,0.92148712399856
JPN,2024,0.104309021773304
JPN,2023,1.47503481053384
JPN,2022,0.941998775483285
JPN,2021,2.69657404187188
JPN,2020,-4.16876457146743
JPN,2019,-0.402169200894946
JPN,2018,0.643391023533141
JPN,2017,1.67533175173359
JPN,2016,0.753826745789127
JPN,2015,1.56062669680782
JOR,2024,2.48889409603647
JOR,2023,2.88408339281683
JOR,2022,2.64743514912058
JOR,2021,3.65564358999147
JOR,2020,-1.10275188309046
JOR,2019,1.75124077866225
JOR,2018,1.91907091341564
JOR,2017,2.47359815449045
JOR,2016,1.9941808493012
JOR,2015,2.49652879315188
KAZ,2024,4.99999999996936
KAZ,2023,5.09999999973641
KAZ,2022,3.19999999970734
KAZ,2021,4.29999999729456
KAZ,2020,-2.49999999628
KAZ,2019,4.50000000091883
KAZ,2018,4.09999999309841
KAZ,2017,4.10000000257358
KAZ,2016,1.09999999910173
KAZ,2015,1.20000000053288
