country_code,year,gdp_per_capita
AFE,2015,1498.8752400759
AFW,2015,1860.72768628324
ARB,2015,6290.55879501691
CSS,2015,14497.5393236017
CEB,2015,12596.8862547468
EAR,2015,3174.36962020929
EAS,2015,9691.70576095154
EAP,2015,6589.77076427461
TEA,2015,6664.48834577557
EMU,2015,34471.1747135027
ECS,2015,22702.8228380066
ECA,2015,6291.45594655745
TEC,2015,8009.61874995558
EUU,2015,30771.6568591261
FCS,2015,1663.16200127279
HPC,2015,917.296109229182
IBD,2015,5546.04775275527
IBT,2015,4474.43525326247
IDB,2015,1947.85246838642
IDX,2015,1023.43894668408
IDA,2015,1350.30758062231
LTE,2015,8331.63270803563
LCN,2015,8547.2373391789
LAC,2015,8308.73911709951
TLA,2015,8404.37747196218
LDC,2015,982.894810600519
LMY,2015,4284.85686298442
MEA,2015,5125.68064083245
MNA,2015,2802.63134980954
TMN,2015,2799.45441811583
MIC,2015,4602.51682691609
NAC,2015,55285.5686917861
OED,2015,35779.9123271942
OSS,2015,10359.1182462574
PSS,2015,3722.7745565917
PST,2015,40775.9479386213
PRE,2015,1524.98608713796
SST,2015,10446.850341907
SAS,2015,1570.54142462917
TSA,2015,1570.54142462917
SSF,2015,1646.44941139316
SSA,2015,1763.27463036367
TSS,2015,1646.44941139316
WLD,2015,10161.9445773234
AFG,2015,565.569730408751
ALB,2015,4199.53912925398
DZA,2015,4685.05902729002
ASM,2015,12727.4102651386
AND,2015,38654.95287916
AGO,2015,3641.72893919944
ATG,2015,16077.6340769406
ARG,2015,13679.6264980954
ARM,2015,3512.39350276709
ABW,2015,27458.2201537506
AUS,2015,56970.3613028094
AUT,2015,43915.228020857
AZE,2015,5500.50364628486
BHS,2015,30719.405417469
BHR,2015,23734.0551143019
BGD,2015,1224.38647668165
BRB,2015,20424.2087530019
BLR,2015,5967.05595058777
BEL,2015,40893.804537772
BLZ,2015,6154.62264230369
BEN,2015,1002.41886879614
BMU,2015,104855.366822135
BTN,2015,2954.04081911097
BOL,2015,2996.01289811344
BIH,2015,4662.25869219448
BWA,2015,6141.20394726616
BRA,2015,8936.1955889444
BRN,2015,30625.1287744656
BGR,2015,7268.65445473873
BFA,2015,630.124750752312
BDI,2015,254.402585226788
CPV,2015,3415.06266730931
KHM,2015,1547.32010444393
CMR,2015,1415.00009710569
CAN,2015,43594.1941045394
CYM,2015,76379.2098777987
CAF,2015,366.322853938121
TCD,2015,993.990730610869
CHI,2015,61847.8212238857
CHL,2015,13433.9202987032
CHN,2015,8175.33285077393
COL,2015,6248.51490534512
COM,2015,1329.37048235986
COD,2015,495.826633014883
COG,2015,2439.35189403696
CRI,2015,11714.7105980732
CIV,2015,1814.71855088017
HRV,2015,12283.7840620053
CUB,2015,7727.91997207998
CUW,2015,19361.8129630226
CYP,2015,23088.44140625
CZE,2015,17931.5987670768
DNK,2015,53094.0133607574
DJI,2015,2376.12554719873
DMA,2015,8282.59874702141
DOM,2015,6800.95309395474
ECU,2015,5976.1596805651
EGY,2015,3306.98159414141
SLV,2015,3790.34089108162
GNQ,2015,9068.91003238645
EST,2015,17722.1557669523
SWZ,2015,3419.82276559528
ETH,2015,597.912113218663
FRO,2015,52637.1903526574
FJI,2015,5097.53106864695
FIN,2015,42560.3456767103
FRA,2015,36702.4323733379
PYF,2015,19166.9594761931
GAB,2015,7047.12654634355
GMB,2015,619.536364296461
GEO,2015,4086.6223465965
DEU,2015,41929.7549110722
GHA,2015,1722.77282833606
GRC,2015,17980.7298238137
GRL,2015,44536.3549705377
GRD,2015,8694.12438005692
GUM,2015,35165.7014644795
GTM,2015,3893.50533299068
GIN,2015,747.356966759448
GNB,2015,645.066837207039
GUY,2015,5640.41560569466
HTI,2015,1411.12684746796
HND,2015,2271.20265980349
HKG,2015,42432.1619740441
HUN,2015,12782.9412577973
ISL,2015,53505.6964079339
IND,2015,1583.99815907985
IDN,2015,3288.22269725538
IRN,2015,4952.73355532178
IRQ,2015,4440.14189252367
IRL,2015,64250.1385181257
IMN,2015,84753.5187422732
ISR,2015,36213.1041481958
ITA,2015,30639.8829751432
JAM,2015,5339.30718256806
JPN,2015,34960.6393843385
JOR,2015,4042.75678097555
KAZ,2015,10196.1226255982
KEN,2015,1489.11959777284
KIR,2015,1639.85274740652
KOR,2015,30171.7906545222
XKX,2015,3520.62850699375
KWT,2015,29882.2126495698
KGZ,2015,1105.65193844261
LAO,2015,2121.01339097363
LVA,2015,13321.9753140616
LBN,2015,7714.1099998804
LSO,2015,1121.19851342518
LBR,2015,692.590082351257
LBY,2015,7458.48917756374
LIE,2015,167187.15730982
LTU,2015,14269.8039878287
LUX,2015,105462.012584423
MAC,2015,69902.9605741233
MDG,2015,445.320069480568
MWI,2015,539.605363240686
MYS,2015,9648.6797937523
MDV,2015,9644.90655028145
MLI,2015,838.11986940103
MLT,2015,25529.6813337717
MHL,2015,3764.34426229508
MRT,2015,1554.94897871782
MUS,2015,9630.5437837507
MEX,2015,10021.2386118827
FSM,2015,2853.07643587028
MDA,2015,2749.55137054338
MCO,2015,170437.101188261
MNG,2015,3838.92126989984
MNE,2015,6421.00307345999
MAR,2015,3146.24780273438
MOZ,2015,610.563774706589
MMR,2015,1166.73305547935
NAM,2015,4774.10650865775
NRU,2015,7747.25584993607
NPL,2015,875.543635474862
NLD,2015,45793.8135434697
NCL,2015,30858.7237060533
NZL,2015,38665.3723018158
NIC,2015,2074.45620634731
NER,2015,485.662574175279
NGA,2015,2585.73360671797
MKD,2015,5262.68671928674
MNP,2015,17665.1007493109
NOR,2015,74809.9658049898
OMN,2015,18808.3077921839
PAK,2015,1380.47020838317
PLW,2015,16154.0532152373
PAN,2015,14082.6548434996
PNG,2015,2484.5963398603
PRY,2015,5879.33792308762
PER,2015,6231.71150338894
PHL,2015,2909.85818010301
POL,2015,12637.5220324406
PRT,2015,19215.7813014347
PRI,2015,29242.041465085
QAT,2015,68985.2433380102
ROU,2015,8977.01748158196
RUS,2015,9277.7138671875
RWA,2015,733.998629882494
WSM,2015,4084.36083819933
SMR,2015,43146.8240435428
STP,2015,1298.10946596396
SAU,2015,23256.1549553531
SEN,2015,1218.00613555438
SRB,2015,5820.3215576888
SYC,2015,15333.1051727105
SLE,2015,964.575980888989
SGP,2015,55645.6068614606
SXM,2015,37839.6283815163
SVK,2015,16442.0760860018
SVN,2015,20697.2748530619
SLB,2015,2045.47721526649
SOM,2015,445.583080073396
ZAF,2015,6112.27382485974
SSD,2015,1080.14718624765
ESP,2015,25982.4416197775
LKA,2015,4057.7158346231
KNA,2015,20328.8003530109
LCA,2015,10334.9860823918
VCT,2015,7353.73556054184
SDN,2015,1292.37963867188
SUR,2015,8813.61705392067
SWE,2015,51188.1652120493
CHE,2015,83806.4476003837
SYR,2015,847.731631942565
TJK,2015,956.916310930656
TZA,2015,939.127319335938
THA,2015,5688.85335397884
TLS,2015,1319.59295003154
TGO,2015,751.051987587248
TON,2015,4123.90323993332
TTO,2015,19887.2327716498
TUN,2015,4014.94773686432
TUR,2015,11064.6494504662
TKM,2015,5759.497903834
TCA,2015,29457.0140691162
TUV,2015,3357.83417700071
UGA,2015,862.934610355811
UKR,2015,2094.47387695313
ARE,2015,44910.334995523
GBR,2015,45255.3449216209
USA,2015,56572.9188996063
URY,2015,17125.9016800298
UZB,2015,2803.19018021751
VUT,2015,2854.89412272653
VEN,2015,4103.1384987005
VNM,2015,2577.56885340113
VIR,2015,34007.3529411765
PSE,2015,3272.15432360708
YEM,2015,1362.1738120601
ZMB,2015,1295.87788680068
ZWE,2015,1387.12632595026
AFE,2016,1334.47050032928
AFW,2016,1630.03943895258
ARB,2016,6042.19675439671
CSS,2016,13376.8057759012
CEB,2016,12874.699956166
EAR,2016,3223.9805446069
EAS,2016,9965.00400107685
EAP,2016,6683.18386700353
TEA,2016,6758.74365728701
EMU,2016,35228.4854539428
ECS,2016,22519.6408855547
ECA,2016,5986.89723080084
TEC,2016,7659.54924391363
EUU,2016,31456.8971280656
FCS,2016,1491.08080315915
HPC,2016,894.708764701024
IBD,2016,5534.81953332906
IBT,2016,4447.41739069513
IDB,2016,1790.53787826053
IDX,2016,1054.10011053311
IDA,2016,1314.0817741131
LTE,2016,8297.33610796797
LCN,2016,8241.45140922665
LAC,2016,7977.19727122285
TLA,2016,8082.02330614142
LDC,2016,966.721782937566
LMY,2016,4274.9314240157
MEA,2016,5126.05331639032
MNA,2016,2863.14057781135
TMN,2016,2858.61689096826
MIC,2016,4605.60639396078
NAC,2016,56112.2253713869
OED,2016,36229.3490773616
OSS,2016,10813.3826960431
PSS,2016,3856.70459060951
PST,2016,41502.2222895522
PRE,2016,1316.74567214685
SST,2016,10486.2161094903
SAS,2016,1722.90703415144
TSA,2016,1722.90703415144
SSF,2016,1455.03525304571
SSA,2016,1545.27948291265
TSS,2016,1455.03525304571
WLD,2016,10204.9287763386
AFG,2016,522.082215583898
ALB,2016,4457.63412207495
DZA,2016,4424.98529027556
ASM,2016,12843.3342903627
AND,2016,40129.8385811474
AGO,2016,2051.81462126253
ATG,2016,16556.8551801588
ARG,2016,12699.9623137756
ARM,2016,3524.42476874707
ABW,2016,27441.5502144601
AUS,2016,50084.4440606385
AUT,2016,45061.4993920192
AZE,2016,3880.6852276838
BHS,2016,30616.5363157284
BHR,2016,23800.001440631
BGD,2016,1649.28380858601
BRB,2016,20295.5672072046
BLR,2016,5039.77560949445
BEL,2016,41854.5498296444
BLZ,2016,6140.86713919469
BEN,2016,1010.5338961993
BMU,2016,108747.356144305
BTN,2016,3152.30905106786
BOL,2016,3035.87347732132
BIH,2016,4928.5665903114
BWA,2016,6749.05994339013
BRA,2016,8836.28546025694
BRN,2016,26663.2972950602
BGR,2016,7822.49923292968
BFA,2016,663.742364842886
BDI,2016,232.937812100153
CPV,2016,3608.96605234906
KHM,2016,1675.19555711109
CMR,2016,1441.7201725688
CAN,2016,42314.0615817218
CYM,2016,77802.2535658023
CAF,2016,387.176203444318
TCD,2016,861.831767630746
CHI,2016,55947.579811974
CHL,2016,13649.8520452803
CHN,2016,8254.86859320357
COL,2016,5959.84250367574
COM,2016,1365.48403444497
COD,2016,459.765036590388
COG,2016,2093.10728558843
CRI,2016,12091.0301606154
CIV,2016,1862.59597081287
HRV,2016,12820.1653893008
CUB,2016,8110.55874283616
CUW,2016,18944.0962772875
CYP,2016,24280.056640625
CZE,2016,18753.9686718096
DNK,2016,54500.9260410217
DJI,2016,2510.4300076241
DMA,2016,8802.56172041363
DOM,2016,7160.44200982307
ECU,2016,5917.63771271481
EGY,2016,3270.6287768197
SLV,2016,3901.34014965811
GNQ,2016,7453.19797948517
EST,2016,18666.3736521706
SWZ,2016,3238.17611961364
ETH,2016,641.651523286233
FRO,2016,56875.2803813296
FJI,2016,5363.79026679243
FIN,2016,43451.2562442158
FRA,2016,37024.2157133669
PYF,2016,19690.0775734589
GAB,2016,6677.07003901644
GMB,2016,650.056501323611
GEO,2016,4143.40125686315
DEU,2016,42948.9381932694
GHA,2016,1912.47991339951
GRC,2016,17919.2426377048
GRL,2016,48181.7453541266
GRD,2016,9221.23461079424
GUM,2016,35930.6594898711
GTM,2016,4060.13784737643
GIN,2016,711.996509782316
GNB,2016,679.665386626818
GUY,2016,5870.87823759835
HTI,2016,1318.40268167953
HND,2016,2307.34468351082
HKG,2016,43734.1980702999
HUN,2016,13215.8605277789
ISL,2016,62854.0906407932
IND,2016,1707.50892912243
IDN,2016,3521.46943457574
IRN,2016,5710.59947089104
IRQ,2016,4334.42096404188
IRL,2016,64129.5571542383
IMN,2016,82025.9454509241
ISR,2016,37671.5389138798
ITA,2016,31391.5692898108
JAM,2016,5302.29553353854
JPN,2016,39375.4731620781
JOR,2016,3986.71677010853
KAZ,2016,7475.56688689424
KEN,2016,1554.12610314423
KIR,2016,1742.66799324117
KOR,2016,30832.0628072516
XKX,2016,3759.44959067104
KWT,2016,27323.6890735517
KGZ,2016,1103.27489428412
LAO,2016,2303.22156035363
LVA,2016,13838.5266823272
LBN,2016,8089.012088155
LSO,2016,992.491840678465
LBR,2016,714.613063145659
LBY,2016,7525.80299308216
LIE,2016,165375.491396259
LTU,2016,14934.2702840428
LUX,2016,106899.293549552
MAC,2016,68911.6755919628
MDG,2016,453.970714522463
MWI,2016,450.506105510719
MYS,2016,9476.53409809923
MDV,2016,9947.80744731739
MLI,2016,872.468587171653
MLT,2016,26459.0770929988
MHL,2016,4229.80988911945
MRT,2016,1565.76575722696
MUS,2016,10095.1225574156
MEX,2016,9097.92397674769
FSM,2016,2979.60119184048
MDA,2016,2847.08794770479
MCO,2016,173604.753555915
MNG,2016,3619.90026383792
MNE,2016,6968.01539365317
MAR,2016,3140.85546875
MOZ,2016,441.489734819071
MMR,2016,1229.19713491328
NAM,2016,4395.68776162376
NRU,2016,8748.15632605428
NPL,2016,877.256454696737
NLD,2016,46808.5291492503
NCL,2016,30782.8544433514
NZL,2016,40113.7195382428
NIC,2016,2131.68704828322
NER,2016,502.706475406446
NGA,2016,2070.4127339595
MKD,2016,5598.48622617967
MNP,2016,24225.474169342
NOR,2016,70867.3609970749
OMN,2016,17110.1897460545
PAK,2016,1424.69161195897
PLW,2016,17150.4759377239
PAN,2016,14832.3611652459
PNG,2016,2316.39479758492
PRY,2016,5775.15963399596
PER,2016,6217.03599995447
PHL,2016,2985.19564024046
POL,2016,12464.0110508476
PRT,2016,19980.2808866516
PRI,2016,29978.0889268918
QAT,2016,61253.6217997091
ROU,2016,9404.54005870715
RUS,2016,8663.158203125
RWA,2016,729.519133812945
WSM,2016,4147.07097674888
SMR,2016,44359.4797662688
STP,2016,1434.87018050521
SAU,2016,22267.7217050387
SEN,2016,1266.43957151587
SRB,2016,5982.37030126471
SYC,2016,16566.9946042294
SLE,2016,844.416411175476
SGP,2016,57005.5887176547
SXM,2016,37308.6147795736
SVK,2016,16636.0769133073
SVN,2016,21447.8377796036
SLB,2016,2082.62383124213
SOM,2016,460.928490585175
ZAF,2016,5651.20585165749
ESP,2016,26755.6061149398
LKA,2016,4149.19190775593
KNA,2016,21387.5415511103
LCA,2016,10638.1269396653
VCT,2016,7656.90042881178
SDN,2016,1033.21594238281
SUR,2016,5644.2061057532
SWE,2016,51703.5088332851
CHE,2016,82153.0745447889
SYR,2016,656.3490586313
TJK,2016,788.710481734485
TZA,2016,953.0107421875
THA,2016,5833.57715617098
TLS,2016,1335.54391073349
TGO,2016,772.581357620609
TON,2016,3987.98626206287
TTO,2016,17449.1538801956
TUN,2016,3847.80354448809
TUR,2016,10984.3643169061
TKM,2016,5686.98040962764
TCA,2016,31373.5612684327
TUV,2016,3808.69755015909
UGA,2016,752.696571725656
UKR,2016,2158.46118164063
ARE,2016,42721.0999383185
GBR,2016,41257.9085545556
USA,2016,57638.1018367192
URY,2016,17009.7584207276
UZB,2016,2753.37951427589
VUT,2016,2956.12644801489
VEN,2016,3670.15737848208
VNM,2016,2735.0604380416
VIR,2016,35324.9748874586
PSE,2016,3527.61382413178
YEM,2016,975.359417003225
ZMB,2016,1239.08527877713
ZWE,2016,1408.13945253431
AFE,2017,1528.10422421284
AFW,2017,1574.23056437855
ARB,2017,6096.72395041636
CSS,2017,13671.1377634132
CEB,2017,14339.8243059389
EAR,2017,3457.64943157186
EAS,2017,10566.2828244863
EAP,2017,7241.92533864361
TEA,2017,7323.51364847919
EMU,2017,37243.5651015997
ECS,2017,23814.1197034605
ECA,2017,6138.12063922999
TEC,2017,8575.46129195764
EUU,2017,33394.5888043692
FCS,2017,1549.60952933559
HPC,2017,943.132832332498
IBD,2017,6053.30921793356
IBT,2017,4831.93005964107
IDB,2017,1804.50559433385
IDX,2017,1110.744251052
IDA,2017,1355.23505457315
LTE,2017,9138.44134545505
LCN,2017,9065.54817792867
LAC,2017,8827.8501051856
TLA,2017,8918.30251254156
LDC,2017,1035.19428808636
LMY,2017,4615.000484095
MEA,2017,5279.47951180077
MNA,2017,2859.85560174494
TMN,2017,2854.66192638041
MIC,2017,4982.00575599033
NAC,2017,58184.8571647569
OED,2017,37605.2706249889
OSS,2017,11950.9740553004
PSS,2017,4099.79965867267
PST,2017,43114.2688521392
PRE,2017,1338.96011884626
SST,2017,11304.5050810878
SAS,2017,1956.06707554186
TSA,2017,1956.06707554186
SSF,2017,1546.91774199323
SSA,2017,1641.39239957439
TSS,2017,1546.91774199323
WLD,2017,10747.764306505
AFG,2017,525.469770891619
ALB,2017,5006.36012951959
DZA,2017,4554.66753957828
ASM,2017,11863.6839452565
AND,2017,40672.9717424447
AGO,2017,2790.71886869768
ATG,2017,16965.7288273816
ARG,2017,14532.5009308511
ARM,2017,3869.05373867752
ABW,2017,28440.0416881491
AUS,2017,54117.547718609
AUT,2017,47163.7425775142
AZE,2017,4147.1981423222
BHS,2017,31875.4881749619
BHR,2017,24784.7693514607
BGD,2017,1811.08221668646
BRB,2017,20284.5762052461
BLR,2017,5785.54491935194
BEL,2017,44035.3239358548
BLZ,2017,6071.85451846453
BEN,2017,1054.97408066814
BMU,2017,112339.425587467
BTN,2017,3435.28804735662
BOL,2017,4048.40119739839
BIH,2017,5345.01978766473
BWA,2017,7104.96401088027
BRA,2017,10080.5078722821
BRN,2017,28024.3824580252
BGR,2017,8696.68930427924
BFA,2017,709.091535894695
BDI,2017,246.060725714184
CPV,2017,3893.09571382506
KHM,2017,1826.35391688754
CMR,2017,1496.08951771242
CAN,2017,45129.628116623
CYM,2017,80053.9442657031
CAF,2017,432.324025684263
TCD,2017,854.46120040098
CHI,2017,55806.3554257428
CHL,2017,14879.9086227187
CHN,2017,8979.67652709856
COL,2017,6479.53231292429
COM,2017,1423.9248027797
COD,2017,431.052559128788
COG,2017,2211.63309874797
CRI,2017,12317.0902771304
CIV,2017,1964.29930338343
HRV,2017,13901.7878144679
CUB,2017,8610.60829605429
CUW,2017,18938.2440965187
CYP,2017,26247.44921875
CZE,2017,20913.197632212
DNK,2017,57521.5514992225
DJI,2017,2618.95521147369
DMA,2017,8224.64896571414
DOM,2017,7412.71571571512
ECU,2017,6233.32244797718
EGY,2017,2395.10333299491
SLV,2017,4020.12671373919
GNQ,2017,7809.10465655488
EST,2017,20851.5223496861
SWZ,2017,3853.09956569679
ETH,2017,696.348429076216
FRO,2017,59387.353086482
FJI,2017,5826.84814459328
FIN,2017,46085.0174739036
FRA,2017,38687.1626407164
PYF,2017,20826.9312492172
GAB,2017,6921.73373135624
GMB,2017,642.522641296331
GEO,2017,4418.75206546679
DEU,2017,45553.9341495339
GHA,2017,2012.28662641265
GRC,2017,18631.9930129293
GRL,2017,50765.7494665372
GRD,2017,9751.42661155932
GUM,2017,36779.0078903909
GTM,2017,4324.99768915601
GIN,2017,833.598621691121
GNB,2017,783.123186602022
GUY,2017,6178.6650437298
HTI,2017,1395.23945184461
HND,2017,2413.0076562942
HKG,2017,46160.429791493
HUN,2017,14736.1668157258
ISL,2017,72976.3729990975
IND,2017,1950.10468280866
IDN,2017,3798.88326174526
IRN,2017,6000.93346404409
IRQ,2017,4759.2846435467
IRL,2017,72161.4047531385
IMN,2017,83481.3038489014
ISR,2017,41138.470964272
ITA,2017,32844.115660604
JAM,2017,5605.43541173019
JPN,2017,38834.0529341227
JOR,2017,4065.61628749384
KAZ,2017,8943.08416791984
KEN,2017,1667.48447230835
KIR,2017,1853.05122713319
KOR,2017,33296.9845439195
XKX,2017,4009.32022050863
KWT,2017,29047.6536135703
KGZ,2017,1221.39046807082
LAO,2017,2432.43059478511
LVA,2017,15132.4958333982
LBN,2017,8608.21084982387
LSO,2017,1069.36673247542
LBR,2017,699.269095727404
LBY,2017,9965.83236729757
LIE,2017,170547.092298954
LTU,2017,16800.1510246099
LUX,2017,110193.213797228
MAC,2017,77570.9876166977
MDG,2017,491.866848718929
MWI,2017,495.769683367165
MYS,2017,9862.54806612235
MDV,2017,10509.628805812
MLI,2017,924.057531692284
MLT,2017,30317.2443175543
MHL,2017,4592.83457628576
MRT,2017,1615.00401327323
MUS,2017,10986.7034093005
MEX,2017,9649.27816772402
FSM,2017,3279.10779039285
MDA,2017,3453.26727720294
MCO,2017,170663.375247872
MNG,2017,3645.96708669551
MNE,2017,7674.2813940676
MAR,2017,3296.52661132813
MOZ,2017,470.93856305196
MMR,2017,1272.82241815234
NAM,2017,5143.96072323076
NRU,2017,9656.97976571484
NPL,2017,1034.28374906846
NLD,2017,49513.6817346384
NCL,2017,32354.7102832901
NZL,2017,42950.3841711138
NIC,2017,2182.61380995674
NER,2017,521.804130023434
NGA,2017,1876.34027111773
MKD,2017,5955.2973863451
MNP,2017,31225.6049960968
NOR,2017,76131.8384032764
OMN,2017,17820.0661809335
PAK,2017,1519.23459514248
PLW,2017,16401.7847567871
PAN,2017,15694.6297518495
PNG,2017,2477.76530986323
PRY,2017,6152.2671153779
PER,2017,6736.16693725487
PHL,2017,3038.12124959289
POL,2017,13913.3402919927
PRT,2017,21442.3842768879
PRI,2017,30328.479490518
QAT,2017,63279.8767486216
ROU,2017,10727.9822007426
RUS,2017,10658.9130859375
RWA,2017,758.300966509647
WSM,2017,4307.59381964907
SMR,2017,45192.0279766943
STP,2017,1555.79477812888
SAU,2017,23929.2907135982
SEN,2017,1356.80518449031
SRB,2017,6548.03653824187
SYC,2017,17480.3651911372
SLE,2017,779.186007841728
SGP,2017,61236.251270627
SXM,2017,34701.3058494468
SVK,2017,17645.5298716761
SVN,2017,23303.077705959
SLB,2017,2143.57670489272
SOM,2017,510.939952317726
ZAF,2017,6618.33508255701
ESP,2017,28381.3425596906
LKA,2017,4398.88828068715
KNA,2017,22464.9899633959
LCA,2017,11333.1123822102
VCT,2017,7988.04445019298
SDN,2017,966.505676269531
SUR,2017,6049.52128553675
SWE,2017,53210.2233318965
CHE,2017,82254.3769269767
SYR,2017,851.502005254153
TJK,2017,829.45714764957
TZA,2017,986.674011230469
THA,2017,6413.09182530343
TLS,2017,1266.17771143471
TGO,2017,792.765700965864
TON,2017,4365.92932788383
TTO,2017,17566.0999700656
TUN,2017,3619.03247319953
TUR,2017,10756.3877677883
TKM,2017,5828.4816623489
TCA,2017,30014.2309523213
TUV,2017,4165.66338700106
UGA,2017,765.218332297361
UKR,2017,2604.28759765625
ARE,2017,43733.6192287435
GBR,2017,40916.8115070354
USA,2017,59635.0984397965
URY,2017,19184.6502617082
UZB,2017,2190.60411562888
VUT,2017,3159.86055790126
VEN,2017,3791.33160682077
VNM,2017,2956.10992127753
VIR,2017,35365.0693039774
PSE,2017,3620.36048715937
YEM,2017,811.165970405745
ZMB,2017,1483.46577328065
ZWE,2017,3445.44941020134
AFE,2018,1552.07372194919
AFW,2018,1720.14009242722
ARB,2018,6699.18058175457
CSS,2018,13896.7409040963
CEB,2018,16227.2484719489
EAR,2018,3463.50882263375
EAS,2018,11438.8584591418
EAP,2018,8045.94630458507
TEA,2018,8136.37041895137
EMU,2018,40107.5362854643
ECS,2018,25408.6379771601
ECA,2018,5996.28775888893
TEC,2018,8911.87742979014
EUU,2018,36054.953230113
FCS,2018,1634.92965875473
HPC,2018,985.478210719267
IBD,2018,6394.19484299789
IBT,2018,5085.50217477103
IDB,2018,1869.38204447615
IDX,2018,1159.06134313704
IDA,2018,1408.95016839901
LTE,2018,9966.81160876464
LCN,2018,8778.37906311973
LAC,2018,8484.48335233409
TLA,2018,8620.46890240755
LDC,2018,1080.56177999961
LMY,2018,4853.74507668345
MEA,2018,5545.88899607591
MNA,2018,2809.30894215325
TMN,2018,2804.12633142444
MIC,2018,5248.39737081301
NAC,2018,60890.5689258698
OED,2018,39552.695671629
OSS,2018,13025.990833966
PSS,2018,4247.0901276249
PST,2018,45535.8018785923
PRE,2018,1449.85562070843
SST,2018,12057.788581183
SAS,2018,1988.3663331799
TSA,2018,1988.3663331799
SSF,2018,1620.54140805919
SSA,2018,1718.42346098448
TSS,2018,1620.54140805919
WLD,2018,11309.3830773178
AFG,2018,491.337221382603
ALB,2018,5897.65452588774
DZA,2018,4577.21029180491
ASM,2018,12552.0546868861
AND,2018,42819.7577456133
AGO,2018,2860.0936483682
ATG,2018,18273.4270684912
ARG,2018,11752.7998922979
ARM,2018,4196.00562301769
ABW,2018,30082.1584226798
AUS,2018,57410.1737346009
AUT,2018,51194.0749841299
AZE,2018,4739.7943123408
BHS,2018,32642.3353203452
BHR,2018,26324.4066549559
BGD,2018,1965.24372731467
BRB,2018,21381.2426303209
BLR,2018,6360.037502312
BEL,2018,47487.2100392561
BLZ,2018,6011.99036888587
BEN,2018,1151.7409703472
BMU,2018,113204.82210838
BTN,2018,3400.20417245342
BOL,2018,4206.8552936661
BIH,2018,6047.84707207392
BWA,2018,7407.95940141786
BRA,2018,9300.66072904004
BRN,2018,30988.1190267227
BGR,2018,9849.38397225174
BFA,2018,777.465618514048
BDI,2018,245.661678332009
CPV,2018,4294.96510035729
KHM,2018,2036.67377566578
CMR,2018,1610.69641591017
CAN,2018,46539.1761570405
CYM,2018,83865.5540393356
CAF,2018,455.243962859534
TCD,2018,948.656629871231
CHI,2018,60784.8125397162
CHL,2018,15659.4808675628
CHN,2018,10085.6638148819
COL,2018,6816.96818309544
COM,2018,1527.40527125285
COD,2018,518.169626875371
COG,2018,2694.43413191427
CRI,2018,12590.2493781614
CIV,2018,2130.86619381144
HRV,2018,15460.3669595491
CUB,2018,8911.46205998726
CUW,2018,19119.1244887029
CYP,2018,29120.375
CZE,2018,23705.9329811299
DNK,2018,61324.7665045565
DJI,2018,2718.08338799203
DMA,2018,9215.3085405645
DOM,2018,7882.98221584944
ECU,2018,6303.91886658338
EGY,2018,2484.70315630508
SLV,2018,4183.54620971358
GNQ,2018,8102.47084834031
EST,2018,23618.1361254581
SWZ,2018,3972.65450620357
ETH,2018,739.702022272086
FRO,2018,62526.4908515743
FJI,2018,6085.41979485376
FIN,2018,49654.2497035329
FRA,2018,41418.1766484844
PYF,2018,21925.616043938
GAB,2018,7624.2775233771
GMB,2018,696.219806960615
GEO,2018,4804.0546040444
DEU,2018,48916.1686612154
GHA,2018,2195.32166016377
GRC,2018,19873.4015238771
GRL,2018,54545.135857765
GRD,2018,10083.021279225
GUM,2018,37195.9503070464
GTM,2018,4352.94593289707
GIN,2018,933.273615633705
GNB,2018,808.531613218504
GUY,2018,6048.38697180418
HTI,2018,1496.38048970156
HND,2018,2464.64241531918
HKG,2018,48537.5668888343
HUN,2018,16605.0570511887
ISL,2018,75633.8651351915
IND,2018,1966.25455171679
IDN,2018,3860.95353090726
IRN,2018,4783.01067340237
IRQ,2018,5646.68932074742
IRL,2018,80804.1123164826
IMN,2018,89393.8244248812
ISR,2018,42362.6652754196
ITA,2018,34904.1081923834
JAM,2018,5976.90362644337
JPN,2018,39751.1330982711
JOR,2018,4145.43989673265
KAZ,2018,9472.48527327758
KEN,2018,1836.45275528993
KIR,2018,1912.73809378187
KOR,2018,35363.9508228687
XKX,2018,4384.18796444738
KWT,2018,32067.9623756889
KGZ,2018,1283.5203037417
LAO,2018,2545.1075420815
LVA,2018,17252.1710428626
LBN,2018,9174.53666204759
LSO,2018,1170.65569702819
LBR,2018,692.203127129794
LBY,2018,11196.5854810844
LIE,2018,174988.775083446
LTU,2018,19247.2315367967
LUX,2018,116926.759593905
MAC,2018,83588.2875009014
MDG,2018,500.45718552916
MWI,2018,533.202567189331
MYS,2018,10901.8019954421
MDV,2018,11423.2838427029
MLI,2018,996.379292136901
MLT,2018,33382.2677499267
MHL,2018,4858.12079054875
MRT,2018,1722.93528854073
MUS,2018,11818.7480619272
MEX,2018,10084.7937562021
FSM,2018,3566.58690371125
MDA,2018,4156.44981956646
MCO,2018,188298.315668437
MNG,2018,4107.64288528468
MNE,2018,8673.59128084795
MAR,2018,3501.69799804688
MOZ,2018,517.507260258101
MMR,2018,1298.21310327675
NAM,2018,5308.60813408705
NRU,2018,11413.7463016389
NPL,2018,1179.19843190389
NLD,2018,53955.0770024266
NCL,2018,34902.8968780031
NZL,2018,43257.0769238879
NIC,2018,2035.16549390507
NER,2018,578.568035680892
NGA,2018,2057.87944554011
MKD,2018,6713.98925398989
MNP,2018,26509.3628379893
NOR,2018,82792.8427113304
OMN,2018,19901.7615642016
PAK,2018,1569.33814626355
PLW,2018,16166.9671073752
PAN,2018,16151.3273433486
PNG,2018,2566.36833735041
PRY,2018,6258.44991640984
PER,2018,6978.49121548627
PHL,2018,3168.51036609727
POL,2018,15658.2120316794
PRT,2018,23541.1401075289
PRI,2018,30679.9181934488
QAT,2018,71039.9308240078
ROU,2018,12416.134317959
RUS,2018,11211.8876953125
RWA,2018,771.773511207309
WSM,2018,4231.81409469194
SMR,2018,47950.6880557136
STP,2018,1825.59971753966
SAU,2018,29360.0658968566
SEN,2018,1452.55612562445
SRB,2018,7559.86165747394
SYC,2018,18440.2340460932
SLE,2018,845.914540460932
SGP,2018,66881.6067035265
SXM,2018,31708.3110124742
SVK,2018,19573.3717031314
SVN,2018,25888.0481065655
SLB,2018,2278.19908624102
SOM,2018,509.497273804534
ZAF,2018,6914.1780318076
ESP,2018,30602.4212881113
LKA,2018,4358.56095906047
KNA,2018,22901.3816403197
LCA,2018,11642.6984727769
VCT,2018,8428.12677153069
SDN,2018,731.027465820313
SUR,2018,6665.74180472239
SWE,2018,54018.4554391861
CHE,2018,85217.3691512274
SYR,2018,1098.0668642357
TJK,2018,834.288404578801
TZA,2018,1023.10626220703
THA,2018,7099.77650081458
TLS,2018,1219.46599728983
TGO,2018,851.120561233595
TON,2018,4675.04791274385
TTO,2018,17571.498737278
TUN,2018,3628.10366464236
TUR,2018,9684.11819884721
TKM,2018,6125.05169712085
TCA,2018,31625.616593277
TUV,2018,4466.12034928245
UGA,2018,792.16570022814
UKR,2018,3059.0517578125
ARE,2018,47135.3591943971
GBR,2018,43702.9976303165
USA,2018,62499.8744390068
URY,2018,19249.9404677501
UZB,2018,1813.08530813664
VUT,2018,3206.65748718811
VEN,2018,3422.65467014854
VNM,2018,3222.31003125366
VIR,2018,36663.2087550584
PSE,2018,3562.33094270256
YEM,2018,633.887202451545
ZMB,2018,1463.89997855593
ZWE,2018,2270.89531874302
AFE,2019,1507.08559963484
AFW,2019,2216.38505520833
ARB,2019,6674.34224402621
CSS,2019,13995.8548364074
CEB,2019,16534.9264870407
EAR,2019,3483.31545469615
EAS,2019,11622.8915284735
EAP,2019,8286.3981179292
TEA,2019,8379.36503263574
EMU,2019,39220.5136743355
ECS,2019,25020.8648271756
ECA,2019,6069.27407282315
TEC,2019,9058.74177112172
EUU,2019,35374.1403676934
FCS,2019,1861.65330453031
HPC,2019,983.900062178744
IBD,2019,6476.07259783679
IBT,2019,5167.89523774327
IDB,2019,2205.87361894796
IDX,2019,1186.40559680864
IDA,2019,1544.27890067061
LTE,2019,10120.3125161359
LCN,2019,8539.39776066424
LAC,2019,8282.78290882792
TLA,2019,8362.63429845968
LDC,2019,1105.24693378698
LMY,2019,4943.24879858439
MEA,2019,5412.42875673528
MNA,2019,2695.63342343004
TMN,2019,2688.96932958269
MIC,2019,5353.79775844374
NAC,2019,62874.6117089583
OED,2019,39708.8864576635
OSS,2019,12907.6162560274
PSS,2019,4136.34140894161
PST,2019,45840.3536114764
PRE,2019,1681.19065754666
SST,2019,11990.4670996465
SAS,2019,2067.05975687637
TSA,2019,2067.05975687637
SSF,2019,1795.5612786554
SSA,2019,1907.22499436387
TSS,2019,1795.5612786554
WLD,2019,11376.0818134476
AFG,2019,496.6025042585
ALB,2019,6069.43903131027
DZA,2019,4468.45341883656
ASM,2019,12886.1359517218
AND,2019,41257.816459345
AGO,2019,2493.67884440177
ATG,2019,18896.3721832248
ARG,2019,9955.97478680428
ARM,2019,4597.22887399548
ABW,2019,30645.8906024548
AUS,2019,55194.7585097428
AUT,2019,49885.9947355204
AZE,2019,4805.75371765917
BHS,2019,33640.3369861278
BHR,2019,27259.7438599327
BGD,2019,2129.79896954606
BRB,2019,21912.1501242857
BLR,2019,6837.77339645635
BEL,2019,46716.6227467964
BLZ,2019,6171.61449761423
BEN,2019,1130.82135339795
BMU,2019,115798.040775578
BTN,2019,3576.87987100503
BOL,2019,4203.15492855788
BIH,2019,6122.37541352353
BWA,2019,7172.08956480028
BRA,2019,9029.83304401079
BRN,2019,30426.5730656528
BGR,2019,10353.7204584127
BFA,2019,764.853077774946
BDI,2019,234.31061590725
CPV,2019,4380.78117331128
KHM,2019,2225.87705485686
CMR,2019,1555.22660476477
CAN,2019,46352.8693445211
CYM,2019,88254.2902486867
CAF,2019,449.228467602439
TCD,2019,893.336441643325
CHI,2019,60564.6293993681
CHL,2019,14495.716721687
CHN,2019,10342.9009524335
COL,2019,6472.54544924705
COM,2019,1510.23218151592
COD,2019,504.00419142286
COG,2019,2488.42466724916
CRI,2019,12884.6859951989
CIV,2019,2141.76836170115
HRV,2019,15563.5987295029
CUB,2019,9232.26115935183
CUW,2019,19220.6865793075
CYP,2019,29227.173828125
CZE,2019,24062.7190013343
DNK,2019,59404.2663247723
DJI,2019,2837.16902340932
DMA,2019,9491.14995962374
DOM,2019,8183.01623600375
ECU,2019,6205.05765246766
EGY,2019,2962.98892023003
SLV,2019,4320.11671534627
GNQ,2019,6804.14923073888
EST,2019,24021.2501413306
SWZ,2019,3913.14577547336
ETH,2019,793.473247210264
FRO,2019,63068.2872688483
FJI,2019,5842.07344577597
FIN,2019,48358.1807773701
FRA,2019,40408.2848574751
PYF,2019,21582.5892046801
GAB,2019,7441.1786472281
GMB,2019,738.186751987483
GEO,2019,4741.2832715876
DEU,2019,47656.199739747
GHA,2019,2186.65822682613
GRC,2019,19335.3602002969
GRL,2019,53309.2035905065
GRD,2019,10462.7929159533
GUM,2019,39274.9431424899
GTM,2019,4511.99839552697
GIN,2019,1031.34146480732
GNB,2019,811.216425885129
GUY,2019,6405.82443444562
HTI,2019,1352.17204191532
HND,2019,2502.32744328073
HKG,2019,48359.0011950597
HUN,2019,17012.8598553199
ISL,2019,69296.3144361601
IND,2019,2041.42863698585
IDN,2019,4106.94856160358
IRN,2019,3997.4935449585
IRQ,2019,5671.8568632942
IRL,2019,81827.6688873996
IMN,2019,87127.5517977404
ISR,2019,44250.6313628073
ITA,2019,33812.788724868
JAM,2019,6030.68896415921
JPN,2019,40415.9567649547
JOR,2019,4170.1144003465
KAZ,2019,9457.12614657136
KEN,2019,1960.40808854893
KIR,2019,1750.9977188915
KOR,2019,33826.9443301597
XKX,2019,4415.99923011071
KWT,2019,31707.8737443551
KGZ,2019,1421.99927504102
LAO,2019,2589.32081035237
LVA,2019,17294.9751600969
LBN,2019,8905.88005497437
LSO,2019,1082.05706777516
LBR,2019,658.164180770507
LBY,2019,9963.19489084483
LIE,2019,166907.839305016
LTU,2019,19608.7943945553
LUX,2019,112696.649059674
MAC,2019,81882.6964523869
MDG,2019,499.818837622534
MWI,2019,580.889139762475
MYS,2019,10920.191763972
MDV,2019,11740.2724029785
MLI,2019,971.949318638092
MLT,2019,32421.9179752262
MHL,2019,5292.33985502306
MRT,2019,1767.072710621
MUS,2019,11568.2533399824
MEX,2019,10369.5553585271
FSM,2019,3572.65918282222
MDA,2019,4405.33418162155
MCO,2019,193746.785647412
MNG,2019,4347.54610314873
MNE,2019,8749.02375172644
MAR,2019,3508.09765625
MOZ,2019,519.09255091362
MMR,2019,1425.98954241668
NAM,2019,4731.9210318831
NRU,2019,10801.7705659635
NPL,2019,1203.14294706401
NLD,2019,53554.9007491475
NCL,2019,33411.3358835672
NZL,2019,42855.831861632
NIC,2019,1958.62051528095
NER,2019,561.691304349698
NGA,2019,3189.81286498516
MKD,2019,6718.85826635458
MNP,2019,24496.6652122421
NOR,2019,76430.5889473338
OMN,2019,19180.1864152801
PAK,2019,1390.41690981745
PLW,2019,15846.7968470167
PAN,2019,16477.9066268111
PNG,2019,2575.77274140393
PRY,2019,5821.18199548738
PER,2019,7037.00803692604
PHL,2019,3400.78949767074
POL,2019,15874.5220531254
PRT,2019,23343.3628970034
PRI,2019,31830.5284993358
QAT,2019,66841.3623185691
ROU,2019,12909.6104013244
RUS,2019,11447.701171875
RWA,2019,810.051412137354
WSM,2019,4351.94234943706
SMR,2019,46630.1443120725
STP,2019,1935.2931816596
SAU,2019,29566.7933827436
SEN,2019,1431.18128932159
SRB,2019,7755.632986437
SYC,2019,19141.5118743615
SLE,2019,843.712517809977
SGP,2019,65952.0378959293
SXM,2019,34861.469528968
SVK,2019,19406.0589683582
SVN,2019,25814.1687167572
SLB,2019,2223.65890942466
SOM,2019,539.954816211694
ZAF,2019,6533.71121032856
ESP,2019,29786.5245689007
LKA,2019,4081.94772722003
KNA,2019,23595.4923231291
LCA,2019,11794.0597229805
MAF,2019,19033.0649634889
VCT,2019,8740.59425232061
SDN,2019,709.975280761719
SUR,2019,6629.66775248603
SWE,2019,51648.9892820514
CHE,2019,84121.9310304414
SYR,2019,1109.53926036049
TJK,2019,871.022372934846
TZA,2019,1063.32250976563
THA,2019,7605.69657797759
TLS,2019,1562.36458068032
TGO,2019,826.255209019798
TON,2019,4788.83342304684
TTO,2019,17212.6128892163
TUN,2019,3528.87213306798
TUR,2019,9395.23378001368
TKM,2019,5998.0017434754
TCA,2019,31780.5217068989
TUV,2019,5115.13075950206
UGA,2019,822.171150036357
UKR,2019,3619.86157226563
ARE,2019,45938.6073581994
GBR,2019,43158.7411267323
USA,2019,64746.4506778863
URY,2019,18315.7316980028
UZB,2019,2041.38480729431
VUT,2019,3207.44650452083
VEN,2019,2523.11275230667
VNM,2019,3440.90025375434
VIR,2019,38633.5298915336
PSE,2019,3656.85827137011
ZMB,2019,1258.98619844462
ZWE,2019,2184.32923855469
AFE,2020,1351.59166910879
AFW,2020,2030.86165860293
ARB,2020,5739.41283580539
CSS,2020,11957.223222537
CEB,2020,16581.3526115028
EAR,2020,3187.03781234801
EAS,2020,11639.4853357389
EAP,2020,8391.27634645493
TEA,2020,8485.32855185979
EMU,2020,38236.5543048506
ECS,2020,24167.3551199699
ECA,2020,5776.19343817718
TEC,2020,8478.35038656806
EUU,2020,34694.7035869194
FCS,2020,1618.4798041022
HPC,2020,962.590226473892
IBD,2020,6191.51088391849
IBT,2020,4923.57218418891
IDB,2020,2008.89632662853
IDX,2020,1170.98051516892
IDA,2020,1464.52261402905
LTE,2020,9873.93519864422
LCN,2020,7168.64740599577
LAC,2020,6904.27677369596
TLA,2020,6964.3711102796
LDC,2020,1088.72161311357
LMY,2020,4732.82727829687
MEA,2020,4742.76402632259
MNA,2020,2408.49731335268
TMN,2020,2402.73480964451
MIC,2020,5134.62007912707
NAC,2020,61468.3372208474
OED,2020,38597.246423496
OSS,2020,11770.4564127379
PSS,2020,3592.04110507296
PST,2020,44743.7389324311
PRE,2020,1496.33767488397
SST,2020,10723.093901861
SAS,2020,1957.20343722686
TSA,2020,1957.20343722686
SSF,2020,1627.34569596297
SSA,2020,1716.50863861427
TSS,2020,1627.34569596297
WLD,2020,10937.6846205191
AFG,2020,510.787063366811
ALB,2020,6027.91350716348
DZA,2020,3743.5419522929
ASM,2020,14489.2586563775
AND,2020,37361.1070081615
AGO,2020,1759.35619918264
ATG,2020,15369.6082250401
ARG,2020,8535.59938004389
ARM,2020,4268.68093304583
ABW,2020,22759.8071750722
AUS,2020,51983.4523666382
AUT,2020,48716.4098900349
AZE,2020,4229.91064904503
BHS,2020,26178.7537607708
BHR,2020,24342.8444554718
BGD,2020,2248.85078828233
BRB,2020,19194.4919736739
BLR,2020,6542.85579976768
BEL,2020,45906.2875805246
BLZ,2020,5238.54078175696
BEN,2020,1200.19426557789
BMU,2020,106976.546239632
BTN,2020,3191.66906999331
BOL,2020,3580.96761778303
BIH,2020,6130.31187968266
BWA,2020,6323.2974967659
BRA,2020,7074.19407495707
BRN,2020,26834.3592233943
BGR,2020,10760.211975413
BFA,2020,825.237038782475
BDI,2020,255.8324539389
CPV,2020,3539.22661248299
KHM,2020,2081.73914242939
CMR,2020,1555.60370660749
CAN,2020,43537.839298904
CYM,2020,82338.7977439023
CAF,2020,462.879071294011
TCD,2020,866.947814890409
CHI,2020,56785.9402005039
CHL,2020,13114.815470545
CHN,2020,10627.4637989619
COL,2020,5339.68711357943
COM,2020,1519.34665556206
COD,2020,486.425572682256
COG,2020,1993.586671931
CRI,2020,12394.0493969492
CIV,2020,2179.72934832935
HRV,2020,14807.5608543265
CUB,2020,9605.27914559614
CUW,2020,16299.8134349902
CYP,2020,28130.341796875
CZE,2020,23472.8915454417
DNK,2020,60985.4885601514
DJI,2020,2844.88810647853
DMA,2020,7827.74842680426
DOM,2020,7135.22273255899
ECU,2020,5463.64515348598
EGY,2020,3511.11381026379
SLV,2020,3997.19279583709
GNQ,2020,5764.05502912947
EST,2020,23933.9939421065
SWZ,2020,3466.56936278145
ETH,2020,829.790982547947
FRO,2020,62243.1905561324
FJI,2020,4620.6457238014
FIN,2020,48828.6846862799
FRA,2020,39169.8606000707
PYF,2020,19966.4838503859
GAB,2020,6605.80346077565
GMB,2020,720.335143352133
GEO,2020,4300.85701291207
DEU,2020,47394.8734504469
GHA,2020,2195.45481659987
GRC,2020,17886.733165236
GRL,2020,54812.6661771023
GRD,2020,8968.55890108484
GUM,2020,36482.9363953675
GTM,2020,4477.61785000665
GIN,2020,1053.66097696415
GNB,2020,846.915855715971
GUY,2020,6775.70939096303
HTI,2020,1290.32538667383
HND,2020,2307.61494319511
HKG,2020,46109.2299946609
HUN,2020,16386.9308821258
ISL,2020,60127.9393575616
IND,2020,1907.04251637669
IDN,2020,3853.70288774146
IRN,2020,3202.50003502169
IRQ,2020,4295.18945121228
IRL,2020,86514.0706108754
IMN,2020,79513.5330346598
ISR,2020,44575.5719045492
ITA,2020,32091.4866621366
JAM,2020,5299.04530804283
JPN,2020,40028.7341726762
JOR,2020,4022.0401356135
KAZ,2020,8781.50797787648
KEN,2020,1927.66459027849
KIR,2020,1751.78249168214
KOR,2020,33645.7719545073
XKX,2020,4310.88963754863
KWT,2020,25236.0755848941
KGZ,2020,1229.51766602907
LAO,2020,2583.77730696131
LVA,2020,17564.2321549354
LBN,2020,5561.19166950397
LSO,2020,918.582574704447
LBR,2020,616.787867006715
LBY,2020,6650.33810585348
LIE,2020,164671.093553454
LTU,2020,20428.6478157394
LUX,2020,116860.02817236
MAC,2020,36883.6652578543
MDG,2020,450.771615201509
MWI,2020,602.507478176106
MYS,2020,9957.52626697613
MDV,2020,7393.8886543933
MLI,2020,953.242943290974
MLT,2020,31823.4363934505
MHL,2020,5661.96787336674
MRT,2020,1795.76459566714
MUS,2020,9135.84773751062
MEX,2020,8841.27075039868
FSM,2020,3362.02802120524
MDA,2020,4375.7788930524
MCO,2020,176891.886538492
MNG,2020,4001.25193077703
MNE,2020,7538.53635992191
MAR,2020,3268.0302734375
MOZ,2020,462.433876479921
MMR,2020,1490.21683599469
NAM,2020,3878.58982993966
NRU,2020,10709.068810538
NPL,2020,1154.21517578318
NLD,2020,53467.9277413737
NCL,2020,33270.330597637
NZL,2020,41997.7830324279
NIC,2020,1938.44704754382
NER,2020,579.512495758236
NGA,2020,2797.18458068686
MKD,2020,6659.59651070776
MNP,2020,18220.8382427201
NOR,2020,68340.0181033702
OMN,2020,16784.8630630058
PAK,2020,1278.39735206896
PLW,2020,14708.2119536914
PAN,2020,13290.5608397749
PNG,2020,2429.61134585269
PRY,2020,5365.47220721104
PER,2020,6133.32552410183
PHL,2020,3227.57910235199
POL,2020,16150.9304813473
PRT,2020,22299.4044062173
PRI,2020,31427.1130762831
QAT,2020,51683.5681078949
ROU,2020,13009.1770573223
RUS,2020,10108.3271484375
RWA,2020,778.701498925026
WSM,2020,4099.59660548583
SMR,2020,44326.9556746411
STP,2020,2167.22001796925
SAU,2020,24338.8307301067
SEN,2020,1461.08720350553
SRB,2020,8098.70955668849
SYC,2020,14041.4754074575
SLE,2020,845.277557920549
SGP,2020,61410.0792630788
SXM,2020,30150.8998380477
SVK,2020,19735.4858280801
SVN,2020,25392.0651093612
SLB,2020,2063.32780991967
SOM,2020,518.16113333875
ZAF,2020,5580.60383075189
ESP,2020,27233.9426461608
LKA,2020,3847.60137695639
KNA,2020,18859.0190361046
LCA,2020,8411.07474936367
VCT,2020,8351.20324040982
SDN,2020,577.795227050781
SUR,2020,4755.39221710693
SWE,2020,52568.5726980146
CHE,2020,85897.7843338323
SYR,2020,572.355289831901
TJK,2020,834.311715460625
TZA,2020,1117.41528320313
THA,2020,6985.64393892574
TLS,2020,1630.86938521256
TGO,2020,863.468665870276
TON,2020,4792.35854741522
TTO,2020,15283.6270531554
TUN,2020,3548.65363663803
TUR,2020,8798.11791709313
TKM,2020,5972.72356566861
TCA,2020,20690.9160546118
TUV,2020,4976.11254109571
UGA,2020,845.766463890124
UKR,2020,3709.76928710938
ARE,2020,37991.7492971665
GBR,2020,40812.6794663879
USA,2020,63515.9491807833
URY,2020,15757.5355995779
UZB,2020,1978.28051860763
VUT,2020,3042.98711598286
VEN,2020,1506.0436210041
VNM,2020,3534.03953482647
VIR,2020,39787.3741650202
PSE,2020,3233.56863835858
ZMB,2020,951.644316655957
ZWE,2020,2059.67445384499
AFE,2021,1562.41617477738
AFW,2021,2112.79407637079
ARB,2021,6697.41498492196
CSS,2021,13995.2694921728
CEB,2021,19223.9274030651
EAR,2021,3698.98363187847
EAS,2021,13336.4841670883
EAP,2021,9974.57829690175
TEA,2021,10086.4176067356
EMU,2021,42984.5697414154
ECS,2021,27664.8914080918
ECA,2021,6673.97429035651
TEC,2021,10014.5108823837
EUU,2021,39206.9791776084
FCS,2021,1711.40128929758
HPC,2021,1061.41414950431
IBD,2021,7314.52836425796
IBT,2021,5754.24675079937
IDB,2021,2142.31172674601
IDX,2021,1256.19296430735
IDA,2021,1566.13709936781
LTE,2021,11759.7974990154
LCN,2021,8291.07156305024
LAC,2021,7970.6164425206
TLA,2021,8075.78816650564
LDC,2021,1175.55718251136
LMY,2021,5524.24398933119
MEA,2021,5615.91186098726
MNA,2021,2753.47858029524
TMN,2021,2746.96809945183
MIC,2021,6007.32308658147
NAC,2021,68424.560031595
OED,2021,43027.7494275705
OSS,2021,13717.0894877353
PSS,2021,3600.81254375167
PST,2021,49855.2269396596
PRE,2021,1594.14229813292
SST,2021,12428.6087674544
SAS,2021,2273.72055798689
TSA,2021,2273.72055798689
SSF,2021,1785.46664916614
SSA,2021,1885.48155965903
TSS,2021,1785.46664916614
WLD,2021,12390.6686716727
AFG,2021,356.496214115892
ALB,2021,7242.45513146613
DZA,2021,4160.55926736925
ASM,2021,15236.1604875571
AND,2021,42425.7066454357
AGO,2021,2303.90812662776
ATG,2021,17348.6006987182
ARG,2021,10738.0179223384
ARM,2021,4685.17997128509
ABW,2021,26749.3296093118
AUS,2021,60758.9044397144
AUT,2021,53648.6437976214
AZE,2021,5408.04535175023
BHS,2021,30367.8605757708
BHR,2021,27147.8083882286
BGD,2021,2482.84917843357
BRB,2021,21079.6145271791
BLR,2021,7489.71894713888
BEL,2021,51658.238294958
BLZ,2021,6142.98930557031
BEN,2021,1318.65158075198
BMU,2021,112765.08167306
BTN,2021,3570.61257980872
BOL,2021,4010.76053686204
BIH,2021,7295.34378682258
BWA,2021,7807.88794570471
BRA,2021,7972.53696080695
BRN,2021,31006.9636289785
BGR,2021,12966.1457543396
BFA,2021,895.535288442991
BDI,2021,264.980379269655
CPV,2021,3971.44409203423
KHM,2021,2167.40324198499
CMR,2021,1672.32657340872
CAN,2021,52886.6616372703
CYM,2021,86449.6749037302
CAF,2021,492.263142830507
TCD,2021,946.358500208374
CHI,2021,66915.3963925722
CHL,2021,16206.8325493421
CHN,2021,12887.4357242941
COL,2021,6222.62164397614
COM,2021,1554.97289190153
COD,2021,595.743074403567
COG,2021,2516.16255145432
CRI,2021,12838.1185358931
CIV,2021,2455.98127641148
HRV,2021,17788.7865816658
CUW,2021,17795.5826616182
CYP,2021,32937.83984375
CZE,2021,27696.4619527544
DNK,2021,69340.7334922138
DJI,2021,3025.91126413549
DMA,2021,8376.40414141113
DOM,2021,8527.0754858205
ECU,2021,6061.32350181711
EGY,2021,3827.35415374308
SLV,2021,4642.60743101342
GNQ,2021,6945.63069794539
EST,2021,27951.1659277744
SWZ,2021,3984.00229174306
ETH,2021,893.00983544905
FRO,2021,69415.1853254579
FJI,2021,4536.73312110335
FIN,2021,53099.1351400148
FRA,2021,43725.0999521245
PYF,2021,21426.3854449835
GAB,2021,8181.40914134656
GMB,2021,781.890925169531
GEO,2021,5083.60695484577
DEU,2021,52349.2459994422
GHA,2021,2445.18662529344
GRC,2021,20654.7001960815
GRL,2021,58135.9939910203
GRD,2021,9617.28902905373
GUM,2021,38074.8793745801
GTM,2021,4912.62240414681
GIN,2021,1244.96550477914
GNB,2021,926.780921081233
GUY,2021,9860.87014834386
HTI,2021,1841.33189337222
HND,2021,2735.14751503977
HKG,2021,49770.5642374739
HUN,2021,19030.628130329
ISL,2021,70425.4064277273
IND,2021,2239.61384367482
IDN,2021,4287.17313995098
IRN,2021,4605.14881318992
IRQ,2021,4868.49431080783
IRL,2021,103783.446284479
IMN,2021,94299.969348965
ISR,2021,52270.9040241956
ITA,2021,36852.5425414951
JAM,2021,5625.67806271236
JPN,2021,40094.5599795288
JOR,2021,4183.49998326866
KAZ,2021,9983.60103576902
KEN,2021,2061.35622089594
KIR,2021,2222.04819501897
KOR,2021,37518.4635305697
XKX,2021,5270.43236861018
KWT,2021,34018.6342592913
KGZ,2021,1349.99730650542
LAO,2021,2526.05105018529
LVA,2021,20261.8887788916
LBN,2021,4045.37391066234
LSO,2021,1066.58645143823
LBR,2021,667.96610514319
LBY,2021,4935.82787349801
LIE,2021,201944.830335076
LTU,2021,23870.4594851722
LUX,2021,134965.815442152
MAC,2021,44884.8961602393
MDG,2021,483.469463351195
MWI,2021,617.446994451007
MYS,2021,10903.1037480772
MDV,2021,10176.143882547
MLI,2021,1027.27345365357
MLT,2021,38096.8360735119
MHL,2021,6315.31279603534
MRT,2021,1947.78918383313
MUS,2021,9177.71195973013
MEX,2021,10314.0506722115
FSM,2021,3508.22314197664
MDA,2021,5274.60582195352
MCO,2021,223823.363960226
MNG,2021,4517.61578018785
MNE,2021,9317.15520065156
MAR,2021,3785.93627929688
MOZ,2021,509.907829475551
MMR,2021,1242.7213439951
NAM,2021,4412.8355693052
NRU,2021,14979.099896799
NPL,2021,1252.75076731986
NLD,2021,60141.9880911492
NCL,2021,35311.5543551452
NZL,2021,49950.4251691316
NIC,2021,2138.38588469449
NER,2021,608.722439593808
NGA,2021,2787.48779224428
MKD,2021,7620.80296977508
MNP,2021,19455.50139424
NOR,2021,93072.8925119571
OMN,2021,19403.4600160211
PAK,2021,1455.31922370186
PLW,2021,13009.2481630213
PAN,2021,15509.8069124139
PNG,2021,2607.57861874444
PRY,2021,5976.93179789949
PER,2021,6826.20255614477
PHL,2021,3484.38593882819
POL,2021,18635.5104895754
PRT,2021,24711.4510062111
PRI,2021,32619.0704601174
QAT,2021,71751.9363398856
ROU,2021,14907.9803652143
RUS,2021,12425.029296875
RWA,2021,829.544845263697
WSM,2021,4021.55934894283
SMR,2021,54176.4798021628
STP,2021,2362.58827248102
SAU,2021,31920.7653655643
SEN,2021,1598.10676952274
SRB,2021,9680.52798074468
SYC,2021,14982.9111487767
SLE,2021,885.396401885395
SGP,2021,80056.1288247844
SXM,2021,32548.4366854902
SVK,2021,22123.3342114545
SVN,2021,29192.8401933019
SLB,2021,2043.44413170658
SOM,2021,549.056994756254
ZAF,2021,6828.75624590017
ESP,2021,30799.4775937775
LKA,2021,3996.96240014909
KNA,2021,18361.1449697886
LCA,2021,10459.1321248092
MAF,2021,21668.3776525323
VCT,2021,8641.27904024443
SDN,2021,712.122009277344
SUR,2021,5029.84838543953
SWE,2021,60647.5416365347
CHE,2021,93664.7736696111
SYR,2021,663.614245706815
TJK,2021,896.748053372182
TZA,2021,1159.85656738281
THA,2021,7057.20754802279
TLS,2021,2684.92676774277
TGO,2021,962.075187515872
TON,2021,4922.80171378368
TTO,2021,17712.5674104655
TUN,2021,3906.93926319391
TUR,2021,9981.76398411336
TKM,2021,5723.30227157906
TCA,2021,27329.2885087196
TUV,2021,5905.08198095343
UGA,2021,882.791717542504
UKR,2021,4775.94580078125
ARE,2021,44118.5047192771
GBR,2021,47691.3768799404
USA,2021,70205.050916026
URY,2021,17881.818721099
UZB,2021,2258.51964119278
VUT,2021,3107.20312858002
VEN,2021,2004.93397949792
VNM,2021,3704.1935590038
VIR,2021,42571.0777368471
PSE,2021,3678.63565662194
ZMB,2021,1127.16077872857
ZWE,2021,2613.60542083552
AFE,2022,1679.32762166466
AFW,2022,2138.47315259913
ARB,2022,7950.35581975672
CSS,2022,17456.3084845676
CEB,2022,19530.1553232172
EAR,2022,4043.82776331568
EAS,2022,13139.2109813612
EAP,2022,10106.9935977814
TEA,2022,10220.4774431567
EMU,2022,41608.7123275598
ECS,2022,27913.5882331645
ECA,2022,7266.022431542
TEC,2022,11421.1364427001
EUU,2022,38066.8844892624
FCS,2022,1850.91743054769
HPC,2022,1121.48387311982
IBD,2022,7699.23258826186
IBT,2022,6036.81374407089
IDB,2022,2234.83616206483
IDX,2022,1332.31730178708
IDA,2022,1647.52732460307
LTE,2022,12286.0846812169
LCN,2022,9408.84820249156
LAC,2022,9111.34927084769
TLA,2022,9174.55690452428
LDC,2022,1299.36172423082
LMY,2022,5741.78381882952
MEA,2022,6430.53553485753
MNA,2022,3015.7557973385
TMN,2022,3010.19656726913
MIC,2022,6248.00962014697
NAC,2022,74535.6365392629
OED,2022,43950.173710934
OSS,2022,14320.7706776288
PSS,2022,3896.81060847355
PST,2022,50969.801641014
PRE,2022,1770.15579032781
SST,2022,13636.4661190787
SAS,2022,2385.08341896271
TSA,2022,2385.08341896271
SSF,2022,1865.11635260699
SSA,2022,1963.80330032374
TSS,2022,1865.11635260699
WLD,2022,12798.1658465319
AFG,2022,357.261152798144
ALB,2022,7756.96188744253
DZA,2022,4960.30334332888
ASM,2022,18017.4589383973
AND,2022,42414.0479861228
AGO,2022,3682.1131513698
ATG,2022,20105.1989085164
ARG,2022,13962.1894087223
ARM,2022,6571.97445545099
ABW,2022,30975.9989121779
AUS,2022,65169.5191118657
AUT,2022,52336.7725223758
AZE,2022,7770.594223351
BHS,2022,34957.1613279737
BHR,2022,30470.5219276023
BGD,2022,2716.48592780431
BRB,2022,24387.0387293761
BLR,2022,7994.64806074889
BEL,2022,50605.7496677086
BLZ,2022,7068.21728043145
BEN,2022,1266.42711031904
BMU,2022,121613.939983629
BTN,2022,3711.32767981591
BOL,2022,4219.46113742445
BIH,2022,7655.59421024383
BWA,2022,8328.7090572666
BRA,2022,9281.33282136864
BRN,2022,36632.9280952155
BGR,2022,13999.1949530956
BFA,2022,827.330843486661
BDI,2022,302.992505263552
CPV,2022,4323.31362032709
KHM,2022,2325.03050040841
CMR,2022,1604.87726954895
CAN,2022,56256.8007264015
CYM,2022,93030.7051447803
CAF,2022,467.359825026238
TCD,2022,966.036468278568
CHI,2022,67627.1417347907
CHL,2022,15405.6165774073
CHN,2022,12970.6056414327
COL,2022,6680.44506854481
COM,2022,1465.479642862
COD,2022,687.738587554685
COG,2022,2620.83804267402
CRI,2022,13625.9008491328
CIV,2022,2333.37128301259
HRV,2022,18465.5414420364
CUW,2022,20057.1404747175
CYP,2022,33231.04296875
CZE,2022,28282.2236715857
DNK,2022,67781.0940939514
DJI,2022,3133.25779772463
DMA,2022,9323.66089490562
DOM,2022,10104.2449349081
ECU,2022,6515.58528418336
EGY,2022,4233.30783744856
SLV,2022,5074.60210221806
GNQ,2022,7589.29964909381
EST,2022,28340.3826549406
SWZ,2022,3894.1620089869
ETH,2022,982.103161506992
FRO,2022,67058.2022648126
FJI,2022,5414.12092119088
FIN,2022,50440.560224974
FRA,2022,40988.6396406579
PYF,2022,20053.9569369322
GAB,2022,8409.2074145028
GMB,2022,836.244875868476
GEO,2022,6729.84659930283
DEU,2022,50506.5179638543
GHA,2022,2229.89122647803
GRC,2022,20886.5243087629
GRL,2022,55635.0006491223
GRD,2022,10469.3867012856
GUM,2022,41833.1517132825
GTM,2022,5358.70156997677
GIN,2022,1416.59612011764
GNB,2022,883.199131457831
GUY,2022,17913.4928066879
HTI,2022,1760.62635668777
HND,2022,3003.28996826399
HKG,2022,48825.8441873536
HUN,2022,18428.028825614
ISL,2022,76350.4550416502
IND,2022,2347.44829434623
IDN,2022,4730.83484836107
IRN,2022,4721.20437099984
IRQ,2022,6520.73154560584
IRL,2022,105190.685952731
IMN,2022,88328.548125887
ISR,2022,54949.621556429
ITA,2022,35653.9042103495
JAM,2022,6626.47502388538
JPN,2022,34065.6438962526
JOR,2022,4332.25159897931
KAZ,2022,11255.3396437881
KEN,2022,2109.56288513137
KIR,2022,2069.7671726925
KOR,2022,34822.4048404971
XKX,2022,5290.95006509706
KWT,2022,39981.7691035833
KGZ,2022,1739.72018344174
LAO,2022,2046.40440255621
LVA,2022,20221.103686109
LBN,2022,3654.35845534878
LSO,2022,1030.12582947757
LBR,2022,744.617175237387
LBY,2022,5986.63694851258
LIE,2022,188055.003235348
LTU,2022,25085.784063499
LUX,2022,123719.658915996
MAC,2022,36806.891255461
MDG,2022,503.51453347296
MWI,2022,604.269740360317
MYS,2022,11754.5678336248
MDV,2022,11786.0191492983
MLI,2022,976.914116406452
MLT,2022,35638.8869457406
MHL,2022,6455.66062185762
MRT,2022,1960.35240077424
MUS,2022,10246.5017455553
MEX,2022,11405.7940473759
FSM,2022,3710.12451611752
MDA,2022,5744.29618434435
MCO,2022,226052.001905201
MNG,2022,4993.51487463495
MNE,2022,10024.5435616209
MAR,2022,3463.1376953125
MOZ,2022,578.251663751351
MMR,2022,1158.05005055976
NAM,2022,4349.79908493314
NRU,2022,12911.9086441381
NPL,2022,1385.91066274851
NLD,2022,59123.318556487
NCL,2022,33516.363085906
NZL,2022,49099.7090423358
NIC,2022,2322.89053964583
NER,2022,609.745147574878
NGA,2022,2899.16047470324
MKD,2022,7606.2375253797
MNP,2022,23785.754590043
NOR,2022,109269.520580298
OMN,2022,23223.5829405935
PAK,2022,1538.3228133171
PLW,2022,13729.7602761496
PAN,2022,17378.6070017557
PNG,2022,3102.28968594061
PRY,2022,6205.62595379319
PER,2022,7350.63034300417
PHL,2022,3548.06930572116
POL,2022,18891.2121169279
PRT,2022,24620.5197587181
PRI,2022,35353.6821570014
QAT,2022,88701.4689763536
ROU,2022,15503.551804598
RUS,2022,15619.6142578125
RWA,2022,975.469323735369
WSM,2022,4132.44717734444
SMR,2022,54190.8417700372
STP,2022,2389.73729784737
SAU,2022,38510.2276211037
SEN,2022,1574.0281059306
SRB,2022,10024.8191112596
SYC,2022,16836.6721895387
SLE,2022,860.371067916096
SGP,2022,90299.0694637269
SXM,2022,37793.1284399157
SVK,2022,21317.7943982363
SVN,2022,28360.3041467268
SLB,2022,1877.78104490956
SOM,2022,573.141165798229
ZAF,2022,6534.24867783397
ESP,2022,30319.4987196616
LKA,2022,3342.63650253855
KNA,2022,21011.5744209816
LCA,2022,13103.8243147472
VCT,2022,9693.55867833025
SDN,2022,1046.24084472656
SUR,2022,6084.43876736445
SWE,2022,54836.8907235124
CHE,2022,94394.5106803525
SYR,2022,1051.67149587463
TJK,2022,1052.17949484894
TZA,2022,1207.52062988281
THA,2022,6909.35281815827
TLS,2022,2343.24954740187
TGO,2022,951.232378690387
TON,2022,5298.01941509951
TTO,2022,20750.5202434652
TUN,2022,3707.29283414381
TUR,2022,10897.8397861365
TKM,2022,5837.84224538947
TCA,2022,31280.5418020808
TUV,2022,5911.32727055301
UGA,2022,963.067314117178
UKR,2022,4199.6708984375
ARE,2022,50759.7589231191
GBR,2022,47057.043229179
USA,2022,76657.2488844403
URY,2022,20818.6146091144
UZB,2022,2578.66689394219
VUT,2022,3370.21191956953
VEN,2022,3155.04207099687
VNM,2022,4147.69777213621
VIR,2022,44320.909185774
PSE,2022,3799.95527015163
ZMB,2022,1447.12310138035
ZWE,2022,2536.40050223076
AFE,2023,1571.44918918981
AFW,2023,1841.85506354867
ARB,2023,7513.89907880749
CSS,2023,17596.5404249612
CEB,2023,22690.3736174216
EAR,2023,4252.59733415786
EAS,2023,13176.1786055635
EAP,2023,10125.9095208645
TEA,2023,10239.8162178816
EMU,2023,45330.1093015768
ECS,2023,29988.9022903108
ECA,2023,8617.0484098633
TEC,2023,12129.8641155432
EUU,2023,41566.5741100785
FCS,2023,1682.75058845476
HPC,2023,1155.90445279924
IBD,2023,7925.3992413749
IBT,2023,6149.50554558946
IDB,2023,1915.31328433422
IDX,2023,1333.20971979026
IDA,2023,1536.08719237098
LTE,2023,12437.9861721907
LCN,2023,10508.6472548025
LAC,2023,10196.271088969
TLA,2023,10260.5196915782
LDC,2023,1257.69806699331
LMY,2023,5856.29495195922
MEA,2023,6149.061198935
MNA,2023,2873.03929302735
TMN,2023,2868.88626501212
MIC,2023,6386.30246387838
NAC,2023,78190.0640735535
OED,2023,46580.4448807226
OSS,2023,15334.1046502228
PSS,2023,4173.79964748513
PST,2023,53813.7418308678
PRE,2023,1558.34344693401
SST,2023,14346.3202783396
SAS,2023,2532.38988993306
TSA,2023,2532.38988993306
SSF,2023,1680.77966672218
SSA,2023,1750.13136836946
TSS,2023,1680.77966672218
WLD,2023,13236.7163960917
AFG,2023,413.757894705303
ALB,2023,9730.86921906893
DZA,2023,5370.477235078
AND,2023,46812.4261013102
AGO,2023,2916.13663284275
ATG,2023,21494.5474000727
ARG,2023,14261.8465667948
ARM,2023,8159.08720967996
ABW,2023,35718.7531191634
AUS,2023,65058.3773146674
AUT,2023,56579.504175468
AZE,2023,7133.02838048328
BHS,2023,38231.774484278
BHR,2023,29290.1284215098
BGD,2023,2551.01773827307
BRB,2023,25583.878782727
BLR,2023,7896.75388295584
BEL,2023,55291.4754541329
BLZ,2023,7424.75821321022
BEN,2023,1394.17784721831
BMU,2023,132604.439086216
BTN,2023,3831.32535494609
BOL,2023,4274.70820547613
BIH,2023,8663.02326458629
BWA,2023,7826.35376483298
BRA,2023,10377.5897719195
BRN,2023,32890.5491812019
BGR,2023,15853.208636704
BFA,2023,873.482589651003
BDI,2023,250.627253097255
CPV,2023,4794.90121917259
KHM,2023,2429.74853452838
CMR,2023,1720.47510154506
CAN,2023,54220.3285039875
CYM,2023,99143.5180243123
CAF,2023,495.978897288721
TCD,2023,949.333453674592
CHI,2023,74585.5224096294
CHL,2023,17067.0364799154
CHN,2023,12951.1782397043
COL,2023,7000.83660501046
COM,2023,1560.27378476855
COD,2023,660.21205238997
COG,2023,2477.97845544866
CRI,2023,16942.0268119375
CIV,2023,2591.9659048119
HRV,2023,22184.2279304842
CUW,2023,21217.8110321785
CYP,2023,36623.69140625
CZE,2023,31761.5944102491
DNK,2023,68043.5466971243
DJI,2023,3381.29779710722
DMA,2023,9912.96212766668
DOM,2023,10630.431743829
ECU,2023,6737.84748379638
EGY,2023,3456.78968456253
SLV,2023,5365.44491399171
GNQ,2023,6677.793435386
EST,2023,30264.0064885057
SWZ,2023,3755.52111232464
ETH,2023,1055.81091592527
FRO,2023,72465.3769660215
FJI,2023,5926.20586394763
FIN,2023,52834.2916752703
FRA,2023,44700.1384177544
PYF,2023,21832.2831795569
GAB,2023,7802.82433276138
GMB,2023,883.024111719809
GEO,2023,8283.66960652261
DEU,2023,54776.7668235491
GHA,2023,2383.90410483418
GRC,2023,23343.7103964562
GRL,2023,58498.9707973609
GRD,2023,11414.4781691181
GTM,2023,5758.32760847852
GIN,2023,1555.49375806861
GNB,2023,988.087886357022
GUY,2023,20473.7002190617
HTI,2023,1705.75808460999
HND,2023,3227.45762509776
HKG,2023,50562.3633144379
HUN,2023,22230.6277875187
ISL,2023,82138.7892973557
IND,2023,2530.12031278204
IDN,2023,4876.30774512252
IRN,2023,5049.29931642754
IRQ,2023,5965.31835077761
IRL,2023,106818.917130804
ISR,2023,52003.7200729997
ITA,2023,39277.0838783918
JAM,2023,7542.40084275345
JPN,2023,33836.1756271617
JOR,2023,4466.08314208575
KAZ,2023,12879.4275257974
KEN,2023,1942.58802756191
KIR,2023,2177.70125812262
KOR,2023,35674.095995632
XKX,2023,6221.20618847799
KWT,2023,34075.849012909
KGZ,2023,2138.22210211478
LAO,2023,2066.94979776957
LVA,2023,22710.2637544197
LBN,2023,3477.72489842684
LSO,2023,916.282976983803
LBR,2023,799.194470229642
LBY,2023,6026.51518708812
LIE,2023,206780.590353385
LTU,2023,27786.0057829276
LUX,2023,133230.619178899
MAC,2023,67216.3631112124
MDG,2023,508.718427705591
MWI,2023,633.214767978695
MYS,2023,11386.0395636528
MDV,2023,12587.6126038651
MLI,2023,1043.9533853528
MLT,2023,40905.8059585057
MHL,2023,6793.24495895856
MRT,2023,2135.78187606359
MUS,2023,11269.9684462139
MEX,2023,13860.9597809326
FSM,2023,3919.64307910859
MDA,2023,6799.58594644576
MCO,2023,256799.788612806
MNG,2023,5838.63108083902
MNE,2023,12259.8775034436
MAR,2023,3813.72607421875
MOZ,2023,622.000297682823
MMR,2023,1233.19666209269
NAM,2023,4187.60500396525
NRU,2023,12752.4723855838
NPL,2023,1382.33055769304
NLD,2023,63515.6030780019
NCL,2023,33701.8923322781
NZL,2023,49075.9562832927
NIC,2023,2609.44492072931
NER,2023,638.336080897887
NGA,2023,2138.76383719983
MKD,2023,8674.35846327485
NOR,2023,87497.2179649556
OMN,2023,21027.7384778886
PAK,2023,1360.32417758419
PLW,2023,15610.8231931032
PAN,2023,18797.1933994045
PNG,2023,2966.06830432055
PRY,2023,6299.99026533713
PER,2023,7887.54185920108
PHL,2023,3804.08274131097
POL,2023,22145.2660647429
PRT,2023,27634.6183139773
PRI,2023,36980.7884784287
QAT,2023,81816.9797967481
ROU,2023,18244.4186876321
RUS,2023,14159.3876953125
RWA,2023,1027.03446826565
WSM,2023,4822.74084650019
SMR,2023,59879.7173015651
STP,2023,2990.6606143535
SAU,2023,36156.848337701
SEN,2023,1698.03387300843
SRB,2023,12281.707946167
SYC,2023,18262.7115849287
SLE,2023,758.329137378248
SGP,2023,85412.230345235
SXM,2023,39451.8223361963
SVK,2023,24614.8734642794
SVN,2023,32660.4753581346
SLB,2023,1882.64394148042
SOM,2023,596.885985135589
ZAF,2023,6034.27208964673
ESP,2023,33493.2225409111
LKA,2023,3798.89016573011
KNA,2023,22576.9248439166
LCA,2023,13554.7684784933
VCT,2023,10582.3656725229
SDN,2023,797.283447265625
SUR,2023,5521.97602122638
SWE,2023,54950.2834725622
CHE,2023,100623.549627296
TJK,2023,1178.47990060249
TZA,2023,1224.00219726563
THA,2023,7195.10130919449
TLS,2023,1502.41147438211
TGO,2023,1055.01727877926
TON,2023,5651.59373063157
TTO,2023,18308.4536298575
TUN,2023,3951.11683376921
TUR,2023,13375.0947282864
TKM,2023,6231.91323839698
TCA,2023,35470.2151608295
TUV,2023,6344.7750188689
UGA,2023,1002.30913917142
UKR,2023,5139.59814453125
ARE,2023,49850.6872175164
GBR,2023,49944.4702124201
USA,2023,81032.262117545
URY,2023,23019.4221560046
UZB,2023,2878.96879292451
VUT,2023,3482.61458237637
VEN,2023,3617.43594578269
VNM,2023,4323.35031982451
PSE,2023,3455.02852911712
ZMB,2023,1330.72780576709
ZWE,2023,2195.22492079245
AFE,2024,1615.39635562849
AFW,2024,1411.33702938476
ARB,2024,7583.81170078145
CSS,2024,19903.8112311908
CEB,2024,24604.8068595604
EAR,2024,4450.18711937385
EAS,2024,13405.735673015
EAP,2024,10396.7957405051
TEA,2024,10513.9529323033
EMU,2024,46945.4188234427
ECS,2024,31555.5207890657
ECA,2024,9793.69205809432
TEC,2024,13337.4386956337
EUU,2024,43304.9642561331
FCS,2024,1527.95809514037
HPC,2024,1216.37508472564
IBD,2024,8219.91265703844
IBT,2024,6327.14399704869
IDB,2024,1650.63788113049
IDX,2024,1398.11181264033
IDA,2024,1485.92227405633
LTE,2024,12874.1679137972
LCN,2024,10737.6463538652
LAC,2024,10382.3911125152
TLA,2024,10474.2809944408
LDC,2024,1293.40100322932
LMY,2024,6002.45120765259
MEA,2024,6265.44445247452
MNA,2024,2971.05462651558
TMN,2024,2973.77496155262
MIC,2024,6554.37054933497
NAC,2024,81275.8436781762
OED,2024,48322.164420487
OSS,2024,16094.1266173126
PSS,2024,4453.58561280276
PST,2024,55644.314789934
PRE,2024,1366.06577255622
SST,2024,15383.3425638674
SAS,2024,2690.07883749003
TSA,2024,2690.07883749003
SSF,2024,1532.92763550207
SSA,2024,1576.69166875191
TSS,2024,1532.92763550207
WLD,2024,13631.2043097215
ALB,2024,11377.7757431099
DZA,2024,5752.99076651465
AND,2024,49303.6491674336
AGO,2024,2665.87444776753
ATG,2024,23542.4526945578
ARG,2024,13969.7836603737
ARM,2024,8556.21406956719
ABW,2024,39498.5941293797
AUS,2024,64603.9856308464
AUT,2024,58268.8787651601
AZE,2024,7283.8499076179
BHS,2024,39455.4466548546
BHR,2024,29653.5682731534
BGD,2024,2593.41611680774
BRB,2024,26544.8707282621
BLR,2024,8317.63399913792
BEL,2024,56614.5679499036
BLZ,2024,7681.24400583113
BEN,2024,1485.38018885134
BMU,2024,142855.374713782
BOL,2024,4421.16609889999
BIH,2024,9358.78768951134
BWA,2024,7695.75319445165
BRA,2024,10310.5488778166
BRN,2024,33153.4738913513
BGR,2024,17596.0173663521
BFA,2024,981.992649769081
BDI,2024,219.424830882698
CPV,2024,5192.48157325878
KHM,2024,2627.87969756224
CMR,2024,1830.00833684727
CAN,2024,54340.3477224733
CAF,2024,516.160999996036
TCD,2024,961.55975562506
CHL,2024,16709.8893972307
CHN,2024,13303.1481543868
COL,2024,7919.20886825345
COM,2024,1662.75663312504
COD,2024,649.383338556725
COG,2024,2482.2489948456
CRI,2024,18587.1532203482
CIV,2024,2727.8935220697
HRV,2024,24050.4397933135
CUW,2024,22832.8953958667
CYP,2024,38674.29296875
CZE,2024,31823.3078290564
DNK,2024,71026.4832271897
DJI,2024,3552.72335079222
DMA,2024,10405.2787777582
DOM,2024,10875.6618443092
ECU,2024,6874.705739766
EGY,2024,3338.47371395895
SLV,2024,5579.65969165029
GNQ,2024,6745.40013244916
EST,2024,31428.3547816104
SWZ,2024,3909.55892378182
ETH,2024,1133.88279681719
FRO,2024,74119.6607553879
FJI,2024,6425.74151715712
FIN,2024,53149.7671934051
FRA,2024,46103.0840855884
PYF,2024,22439.8838746025
GAB,2024,8230.04311451151
GMB,2024,871.340291776294
GEO,2024,9241.49122313713
DEU,2024,56103.7323182554
GHA,2024,2390.77237652715
GRC,2024,24626.1481858973
GRD,2024,11705.0902976658
GTM,2024,6150.02571438505
GIN,2024,1694.95375862193
GNB,2024,1007.74151728028
GUY,2024,29675.2443873316
HTI,2024,2142.62330526788
HND,2024,3426.43483328923
HKG,2024,54074.6928519479
HUN,2024,23292.3263882478
ISL,2024,86040.5309851288
IND,2024,2694.73780859961
IDN,2024,4925.43048751861
IRN,2024,5190.16959024821
IRQ,2024,6073.61032342708
IRL,2024,112894.953240805
ISR,2024,54176.6844383302
ITA,2024,40385.3413957669
JAM,2024,7753.8006955432
JPN,2024,32487.0778047567
JOR,2024,4618.09592498567
KAZ,2024,14154.6324958076
KEN,2024,2132.43452097647
KIR,2024,2288.63471423684
KOR,2024,36238.639908315
XKX,2024,7023.06598512878
KWT,2024,32717.7186631255
KGZ,2024,2420.18542283831
LAO,2024,2123.97909415109
LVA,2024,23409.0845154775
LSO,2024,971.90771824829
LBR,2024,851.497723870206
LBY,2024,6569.16408678648
LTU,2024,29384.0189598663
LUX,2024,137781.681659123
MAC,2024,72004.7437020733
MDG,2024,544.987501003384
MWI,2024,522.570393642547
MYS,2024,11874.4273684245
MDV,2024,13379.3513577224
MLI,2024,1094.61949265799
MLT,2024,43898.5781808597
MHL,2024,7726.33668877794
MRT,2024,2110.12036938187
MUS,2024,11990.7798944837
MEX,2024,14185.7812248529
FSM,2024,4166.00476748564
MDA,2024,7576.19589413326
MCO,2024,288001.433369041
MNG,2024,6750.6301157724
MNE,2024,13263.3281277699
MAR,2024,4153.1943359375
MOZ,2024,656.776824637306
MMR,2024,1359.05001560107
NAM,2024,4413.12752211572
NRU,2024,13609.158837552
NPL,2024,1447.31004458428
NLD,2024,67520.4218956281
NCL,2024,29213.1923192946
NZL,2024,49205.1792146792
NIC,2024,2847.53966339498
NER,2024,735.270255787226
NGA,2024,1084.16041805436
MKD,2024,9291.85661671864
NOR,2024,86785.4334489176
OMN,2024,20285.2272897377
PAK,2024,1478.77277977996
PAN,2024,19161.2188501596
PNG,2024,3006.70564478923
PRY,2024,6416.09708970845
PER,2024,8452.37167056621
PHL,2024,3984.8315387656
POL,2024,25103.565661423
PRT,2024,29292.242104753
PRI,2024,39343.7154660139
QAT,2024,76688.6941743178
ROU,2024,20080.2096215595
RUS,2024,14889.0185546875
RWA,2024,999.65456165547
WSM,2024,5392.87761915762
STP,2024,3490.56883486557
SAU,2024,35121.6628687742
SEN,2024,1773.21829923448
SRB,2024,13679.2065983557
SYC,2024,17858.8226383978
SLE,2024,806.654650417726
SGP,2024,90674.066632628
SXM,2024,41472.5874498583
SVK,2024,25992.6748502048
SVN,2024,34301.0318686594
SLB,2024,1933.55538435227
SOM,2024,629.538899449007
ZAF,2024,6267.186814093
ESP,2024,35326.7683069278
LKA,2024,4515.56787322732
KNA,2024,23960.6534357084
LCA,2024,14181.6303351598
VCT,2024,11501.2265187188
SDN,2024,984.607666015625
SUR,2024,6961.78955961526
SWE,2024,57117.4877440616
CHE,2024,103998.186685604
TJK,2024,1341.20229027672
TZA,2024,1186.71691894531
THA,2024,7346.62022142185
TLS,2024,1331.9705130185
TGO,2024,1119.38160509429
TTO,2024,18733.4110406494
TUN,2024,4181.13789301228
TUR,2024,15892.7157287241
TKM,2024,6856.65802730208
TCA,2024,37506.7798431288
UGA,2024,1077.91278452817
UKR,2024,5389.47314453125
ARE,2024,50273.5060469837
GBR,2024,53246.3676145108
USA,2024,84534.0407841548
URY,2024,23906.5133029408
UZB,2024,3161.70010632875
VUT,2024,3410.77023167097
VEN,2024,4217.59102643391
VNM,2024,4717.29028732449
PSE,2024,2592.30591217647
ZMB,2024,1187.10943350064
ZWE,2024,2497.20332208763
