country_code,year,gni_per_capita
AFE,2024,1579.10356988926
AFE,2023,1602.16523490588
AFE,2022,1569.17333170156
AFE,2021,1473.01020723136
AFE,2020,1393.45928875849
AFE,2019,1501.99695269359
AFE,2018,1435.80774230659
AFE,2017,1370.75226374024
AFE,2016,1405.93637973121
AFE,2015,1550.54240260181
AFW,2024,1624.31638442004
AFW,2023,2011.44559515124
AFW,2022,2153.64913579255
AFW,2021,2086.46853063233
AFW,2020,1869.72271335145
AFW,2019,1784.13716922547
AFW,2018,1614.09894956392
AFW,2017,1584.34185588123
AFW,2016,1765.92936131952
AFW,2015,1989.4881982761
ARB,2024,7650.33371826764
ARB,2023,7649.38346837063
ARB,2022,7279.3204310714
ARB,2021,6472.7415672444
ARB,2020,6062.32931818815
ARB,2019,6590.57416900269
ARB,2018,6328.94973978727
ARB,2017,6048.46130686394
ARB,2016,6479.26731169955
ARB,2015,6936.64478950725
CSS,2024,17761.8612856618
CSS,2023,17064.5435515365
CSS,2022,14596.4032916497
CSS,2021,12957.4839445149
CSS,2020,11995.7818736733
CSS,2019,13547.5001635225
CSS,2018,13154.8751833425
CSS,2017,12922.9714442136
CSS,2016,13101.3041883902
CSS,2015,14134.7073429995
CEB,2024,21833.0583893736
CEB,2023,20538.138163194
CEB,2022,19542.0440967762
CEB,2021,18068.998840935
CEB,2020,16121.721072374
CEB,2019,16115.8061400979
CEB,2018,14821.253202042
CEB,2017,13154.4962670623
CEB,2016,12898.907846881
CEB,2015,13304.6178776668
EAR,2024,4303.46958452427
EAR,2023,4188.39000230248
EAR,2022,3940.96218488892
EAR,2021,3580.83830618234
EAR,2020,3253.27590097422
EAR,2019,3526.59410238723
EAR,2018,3457.86941928829
EAR,2017,3281.51358920398
EAR,2016,3226.88171137373
EAR,2015,3277.71241191037
EAS,2024,13764.4155339858
EAS,2023,13982.4826100606
EAS,2022,13729.5796461197
EAS,2021,13027.5521317931
EAS,2020,11799.1658797303
EAS,2019,11831.876376215
EAS,2018,11222.8950475087
EAS,2017,10343.0093737243
EAS,2016,9999.93394604697
EAS,2015,9917.49894720507
EAP,2024,10629.7080602908
EAP,2023,10664.2476343106
EAP,2022,10236.2417528447
EAP,2021,9496.8155410502
EAP,2020,8460.47319899431
EAP,2019,8375.14344999575
EAP,2018,7773.36217844528
EAP,2017,7083.01194056273
EAP,2016,6739.83385945522
EAP,2015,6528.66830040704
TEA,2024,10749.511363955
TEA,2023,10784.2484099491
TEA,2022,10351.2316536137
TEA,2021,9603.33863861161
TEA,2020,8555.34095839364
TEA,2019,8469.13497211207
TEA,2018,7860.73593786578
TEA,2017,7162.81713408952
TEA,2016,6816.02978470706
TEA,2015,6602.70170017326
EMU,2024,44691.4787889803
EMU,2023,44789.8033893601
EMU,2022,44622.0036307734
EMU,2021,42462.2156348894
EMU,2020,38242.7568424279
EMU,2019,40351.7712342557
EMU,2018,38911.9870716977
EMU,2017,35888.8929726973
EMU,2016,36418.0705209547
EMU,2015,37752.0835569979
ECS,2024,29916.8240608434
ECS,2023,29454.5383357334
ECS,2022,28745.4204171862
ECS,2021,26945.8353959856
ECS,2020,24201.0002287553
ECS,2019,25510.8597923162
ECS,2018,24586.4515084109
ECS,2017,22999.7063570214
ECS,2016,23486.3621395851
ECS,2015,24781.8532519725
ECA,2024,8622.87649107289
ECA,2023,7793.26047952472
ECA,2022,6931.46038491078
ECA,2021,6472.2697759003
ECA,2020,5906.65951108059
ECA,2019,6112.38166718514
ECA,2018,6134.91023279119
ECA,2017,6123.63795763095
ECA,2016,6316.0461490634
ECA,2015,6953.22967780931
TEC,2024,12407.3884339644
TEC,2023,11495.4210144666
TEC,2022,10378.3617597058
TEC,2021,9533.97028275171
TEC,2020,8665.82552839754
TEC,2019,8956.31106398099
TEC,2018,8483.74757852877
TEC,2017,7942.63189535028
TEC,2016,8188.87356135866
TEC,2015,9259.57162150137
EUU,2024,41062.2558954338
EUU,2023,40917.5129451799
EUU,2022,40626.4488719461
EUU,2021,38569.3121430615
EUU,2020,34671.9021909921
EUU,2019,36310.0785598431
EUU,2018,34873.6718769058
EUU,2017,32079.9620135413
EUU,2016,32465.905859863
EUU,2015,33663.6118834911
FCS,2024,1594.36986381422
FCS,2023,1751.00955022334
FCS,2022,1750.12721007501
FCS,2021,1676.65614330222
FCS,2020,1562.48574856418
FCS,2019,1633.25826354584
FCS,2018,1522.8842915265
FCS,2017,1483.05707280569
FCS,2016,1609.4760583317
FCS,2015,1819.16845097896
HPC,2024,1138.03193361839
HPC,2023,1115.04769331767
HPC,2022,1075.02576903525
HPC,2021,1005.42741040721
HPC,2020,956.205718805128
HPC,2019,975.049995195168
HPC,2018,942.247988104624
HPC,2017,893.938732716482
HPC,2016,905.753395667572
HPC,2015,935.793702351158
IBD,2024,8126.74327805953
IBD,2023,7989.85999468191
IBD,2022,7547.35666680361
IBD,2021,6989.79517376854
IBD,2020,6306.92145393251
IBD,2019,6530.77992790231
IBD,2018,6195.47239393759
IBD,2017,5753.72269946462
IBD,2016,5631.49914485795
IBD,2015,5750.32902648019
IBT,2024,6269.43060654793
IBT,2023,6217.47086947444
IBT,2022,5924.36790027445
IBT,2021,5513.57068791016
IBT,2020,5000.49359314366
IBT,2019,5184.22309612989
IBT,2018,4932.10633630903
IBT,2017,4598.23825884799
IBT,2016,4521.26344196082
IBT,2015,4627.20575218856
IDB,2024,1808.07579267429
IDB,2023,2110.08413586526
IDB,2022,2231.18429576123
IDB,2021,2127.76806534773
IDB,2020,1922.57602470729
IDB,2019,1934.69269091803
IDB,2018,1824.15742719294
IDB,2017,1776.55579031531
IDB,2016,1869.73208020919
IDB,2015,1966.4669278744
IDX,2024,1364.73371105372
IDX,2023,1347.31163182067
IDX,2022,1321.46337680227
IDX,2021,1240.87085343556
IDX,2020,1174.30468839864
IDX,2019,1194.43828696943
IDX,2018,1143.40504872229
IDX,2017,1054.73554842367
IDX,2016,1023.3319871972
IDX,2015,1017.27634024458
IDA,2024,1518.89630101915
IDA,2023,1613.15669307858
IDA,2022,1639.18876099313
IDA,2021,1551.08727236923
IDA,2020,1436.44216757367
IDA,2019,1454.29664788549
IDA,2018,1382.89182114723
IDA,2017,1309.11468419834
IDA,2016,1322.13320826244
IDA,2015,1352.90603782217
LTE,2024,12818.2018649917
LTE,2023,12658.4701673624
LTE,2022,12000.5755552711
LTE,2021,11149.3642744759
LTE,2020,10033.5011275005
LTE,2019,10151.2834939382
LTE,2018,9469.64983871632
LTE,2017,8663.98633350225
LTE,2016,8458.86779961793
LTE,2015,8614.29258802536
LCN,2024,9897.78632968313
LCN,2023,9363.42125711391
LCN,2022,8596.84876975449
LCN,2021,7981.79286629945
LCN,2020,7487.16168381769
LCN,2019,8568.19546653054
LCN,2018,8483.55677805826
LCN,2017,8167.3601916688
LCN,2016,8304.86578170817
LCN,2015,9088.33729124492
LAC,2024,9634.3556453219
LAC,2023,9101.51650802502
LAC,2022,8351.00693010608
LAC,2021,7765.44476204419
LAC,2020,7324.28303390113
LAC,2019,8394.09604744509
LAC,2018,8317.70968740116
LAC,2017,8027.58371500772
LAC,2016,8156.33973836225
LAC,2015,8920.15472066265
TLA,2024,9756.96201523275
TLA,2023,9227.27754676829
TLA,2022,8463.40688538706
TLA,2021,7860.67892697172
TLA,2020,7377.66512258763
TLA,2019,8456.50032672419
TLA,2018,8381.28153808224
TLA,2017,8073.56627462221
TLA,2016,8225.11140138931
TLA,2015,9033.78918747428
LDC,2024,1291.05573686149
LDC,2023,1282.8185899041
LDC,2022,1249.57994147398
LDC,2021,1155.41413938529
LDC,2020,1093.9513087048
LDC,2019,1114.9073044534
LDC,2018,1057.86692825753
LDC,2017,979.006850826233
LDC,2016,965.916993097215
LDC,2015,998.793897971647
LMY,2024,5970.59340642176
LMY,2023,5951.19739238166
LMY,2022,5691.38974923044
LMY,2021,5302.33816917503
LMY,2020,4804.72588471122
LMY,2019,4971.12853168189
LMY,2018,4738.40276065697
LMY,2017,4427.01712734776
LMY,2016,4328.89587977493
LMY,2015,4371.29579016403
MEA,2024,6275.30747739461
MEA,2023,6293.14071651614
MEA,2022,6007.61460478878
MEA,2021,5386.93100893881
MEA,2020,5035.11937261864
MEA,2019,5483.88471464394
MEA,2018,5383.345713231
MEA,2017,5152.22377885002
MEA,2016,5334.74923055389
MEA,2015,5553.54115087628
MNA,2024,2914.38390322034
MNA,2023,2940.29885121424
MNA,2022,2855.3218863702
MNA,2021,2636.04552340499
MNA,2020,2507.91151610037
MNA,2019,2774.5094047982
MNA,2018,2851.4389264201
MNA,2017,2826.86041436464
MNA,2016,2885.22119488001
MNA,2015,2910.40518520273
TMN,2024,2915.88188847978
TMN,2023,2930.52064308807
TMN,2022,2842.09621873145
TMN,2021,2624.57528563681
TMN,2020,2499.59951706581
TMN,2019,2764.6585640229
TMN,2018,2842.23446233848
TMN,2017,2819.32796676439
TMN,2016,2878.31175107166
TMN,2015,2905.27381122492
MIC,2024,6524.06350122183
MIC,2023,6493.45956516633
MIC,2022,6199.06090917955
MIC,2021,5766.22541610974
MIC,2020,5213.56201046739
MIC,2019,5385.2202459953
MIC,2018,5124.1679536256
MIC,2017,4777.27112766958
MIC,2016,4661.36621586118
MIC,2015,4698.5226392255
NAC,2024,80242.0713550042
NAC,2023,77315.936868197
NAC,2022,74890.689065418
NAC,2021,69395.6097837059
NAC,2020,62767.9227004865
NAC,2019,63917.7150940239
NAC,2018,61208.8089314682
NAC,2017,57320.8102814963
NAC,2016,55608.076219021
NAC,2015,55527.4433282828
OED,2024,47119.1916020071
OED,2023,46413.749536133
OED,2022,45728.4858316314
OED,2021,43126.8643739301
OED,2020,39105.7814005569
OED,2019,40558.3589704264
OED,2018,39251.2785293518
OED,2017,36833.2008188117
OED,2016,36658.2411802322
OED,2015,37508.8822773081
OSS,2024,14976.0670271432
OSS,2023,14621.3831805793
OSS,2022,13874.0652067981
OSS,2021,12928.5803679641
OSS,2020,11924.597971825
OSS,2019,12992.0841338095
OSS,2018,12224.7405967948
OSS,2017,11084.6230848943
OSS,2016,10818.8398037359
OSS,2015,11107.4991078394
PSS,2024,4380.52307042885
PSS,2023,4323.44069855523
PSS,2022,4096.14722510116
PSS,2021,3727.98133895146
PSS,2020,3804.69427176154
PSS,2019,4265.85330660575
PSS,2018,4156.97947062088
PSS,2017,3866.39875047873
PSS,2016,3815.81230921428
PSS,2015,3774.57540135874
PST,2024,54750.9501669972
PST,2023,54081.6584582533
PST,2022,53270.1003077094
PST,2021,50140.1323406414
PST,2020,45399.8000983099
PST,2019,46932.5010235189
PST,2018,45263.6334329166
PST,2017,42321.1603156409
PST,2016,41927.2877057081
PST,2015,42702.7135237272
PRE,2024,1453.70309167177
PRE,2023,1628.09855954052
PRE,2022,1655.75925358795
PRE,2021,1556.83949761636
PRE,2020,1440.99756461079
PRE,2019,1460.61888982429
PRE,2018,1339.51354195247
PRE,2017,1313.76027576184
PRE,2016,1460.37191740731
PRE,2015,1641.43575295222
SST,2024,14172.7462693778
SST,2023,13788.8737128494
SST,2022,12728.2754308412
SST,2021,11704.4736789018
SST,2020,10857.5003168094
SST,2019,11957.0818805841
SST,2018,11363.9051640158
SST,2017,10548.7698951725
SST,2016,10420.2082212228
SST,2015,10844.7507010416
SAS,2024,2662.20844152326
SAS,2023,2603.015040151
SAS,2022,2438.08552001232
SAS,2021,2222.5019283554
SAS,2020,1957.0045248745
SAS,2019,2105.40954764716
SAS,2018,1998.71985787588
SAS,2017,1800.11474991625
SAS,2016,1664.04598955698
SAS,2015,1561.6737212224
TSA,2024,2662.20844152326
TSA,2023,2603.015040151
TSA,2022,2438.08552001232
TSA,2021,2222.5019283554
TSA,2020,1957.0045248745
TSA,2019,2105.40954764716
TSA,2018,1998.71985787588
TSA,2017,1800.11474991625
TSA,2016,1664.04598955698
TSA,2015,1561.6737212224
SSF,2024,1597.37591752611
SSF,2023,1767.64543143025
SSF,2022,1805.67572711322
SSF,2021,1721.62514917612
SSF,2020,1586.80149319281
SSF,2019,1616.74480693695
SSF,2018,1508.44087158728
SSF,2017,1457.86889981012
SSF,2016,1552.78017531747
SSF,2015,1729.55753080883
SSA,2024,1652.17079684644
SSA,2023,1850.1190870221
SSA,2022,1900.17211934067
SSA,2021,1815.33773974627
SSA,2020,1671.92298752264
SSA,2019,1708.8440557845
SSA,2018,1594.72677108945
SSA,2017,1545.23538381744
SSA,2016,1656.44314987725
SSA,2015,1858.82908086925
TSS,2024,1597.37591752611
TSS,2023,1767.64543143025
TSS,2022,1805.67572711322
TSS,2021,1721.62514917612
TSS,2020,1586.80149319281
TSS,2019,1616.74480693695
TSS,2018,1508.44087158728
TSS,2017,1457.86889981012
TSS,2016,1552.78017531747
TSS,2015,1729.55753080883
WLD,2024,13442.5002837166
WLD,2023,13326.702099959
WLD,2022,12984.7385104556
WLD,2021,12194.1366522851
WLD,2020,11100.7556875274
WLD,2019,11538.101314082
WLD,2018,11106.9628910125
WLD,2017,10409.2582638968
WLD,2016,10335.1044245316
WLD,2015,10591.4941356414
AFG,2023,370.0
AFG,2022,370.0
AFG,2021,380.0
AFG,2020,490.0
AFG,2019,520.0
AFG,2018,520.0
AFG,2017,530.0
AFG,2016,560.0
AFG,2015,590.0
ALB,2024,9910.0
ALB,2023,8730.0
ALB,2022,7720.0
ALB,2021,6940.0
ALB,2020,5970.0
ALB,2019,5900.0
ALB,2018,5400.0
ALB,2017,4700.0
ALB,2016,4670.0
ALB,2015,4660.0
DZA,2024,5370.0
DZA,2023,4950.0
DZA,2022,4430.0
DZA,2021,4120.0
DZA,2020,4020.0
DZA,2019,4480.0
DZA,2018,4450.0
DZA,2017,4440.0
DZA,2016,4920.0
DZA,2015,5390.0
AND,2024,47570.0
AND,2023,47920.0
AND,2022,47600.0
AND,2021,44720.0
AND,2020,42450.0
AND,2019,46450.0
AGO,2024,2840.0
AGO,2023,2700.0
AGO,2022,2340.0
AGO,2021,1990.0
AGO,2020,2020.0
AGO,2019,2440.0
AGO,2018,2270.0
AGO,2017,2400.0
AGO,2016,2910.0
AGO,2015,4450.0
ATG,2024,21150.0
ATG,2023,19970.0
ATG,2022,18820.0
ATG,2021,16660.0
ATG,2020,15460.0
ATG,2019,18250.0
ATG,2018,17460.0
ATG,2017,15860.0
ATG,2016,15080.0
ATG,2015,14550.0
ARG,2024,13530.0
ARG,2023,12920.0
ARG,2022,11890.0
ARG,2021,10070.0
ARG,2020,9040.0
ARG,2019,11210.0
ARG,2018,12390.0
ARG,2017,13070.0
ARG,2016,12130.0
ARG,2015,12500.0
ARM,2024,7810.0
ARM,2023,6850.0
ARM,2022,5690.0
ARM,2021,4580.0
ARM,2020,4230.0
ARM,2019,4650.0
ARM,2018,4220.0
ARM,2017,3900.0
ARM,2016,3690.0
ARM,2015,3910.0
ABW,2024,35570.0
ABW,2023,31600.0
ABW,2022,30160.0
ABW,2021,26550.0
ABW,2020,22790.0
ABW,2019,29320.0
ABW,2018,27970.0
ABW,2017,26460.0
ABW,2016,25560.0
ABW,2015,25430.0
AUS,2024,62680.0
AUS,2023,63320.0
AUS,2022,60790.0
AUS,2021,57220.0
AUS,2020,53770.0
AUS,2019,55090.0
AUS,2018,53280.0
AUS,2017,51700.0
AUS,2016,54330.0
AUS,2015,60780.0
AUT,2024,54760.0
AUT,2023,55890.0
AUT,2022,56310.0
AUT,2021,53440.0
AUT,2020,49000.0
AUT,2019,50900.0
AUT,2018,48710.0
AUT,2017,44800.0
AUT,2016,45980.0
AUT,2015,47190.0
AZE,2024,7330.0
AZE,2023,6680.0
AZE,2022,5670.0
AZE,2021,4910.0
AZE,2020,4480.0
AZE,2019,4510.0
AZE,2018,4080.0
AZE,2017,4110.0
AZE,2016,4790.0
AZE,2015,6610.0
BHS,2024,37020.0
BHS,2023,35180.0
BHS,2022,33790.0
BHS,2021,29910.0
BHS,2020,25180.0
BHS,2019,31630.0
BHS,2018,30650.0
BHS,2017,29570.0
BHS,2016,27820.0
BHS,2015,27620.0
BHR,2024,28090.0
BHR,2023,28460.0
BHR,2022,28300.0
BHR,2021,25240.0
BHR,2020,23870.0
BHR,2019,25800.0
BHR,2018,24200.0
BHR,2017,22360.0
BHR,2016,22720.0
BHR,2015,23640.0
BGD,2024,2820.0
BGD,2023,2880.0
BGD,2022,2850.0
BGD,2021,2600.0
BGD,2020,2320.0
BGD,2019,2220.0
BGD,2018,2020.0
BGD,2017,1640.0
BGD,2016,1400.0
BGD,2015,1200.0
BRB,2024,25140.0
BRB,2023,24960.0
BRB,2022,24300.0
BRB,2021,19880.0
BRB,2020,18740.0
BRB,2019,20520.0
BRB,2018,19910.0
BRB,2017,19370.0
BRB,2016,19200.0
BRB,2015,19150.0
BLR,2024,8260.0
BLR,2023,7850.0
BLR,2022,7210.0
BLR,2021,7040.0
BLR,2020,6410.0
BLR,2019,6370.0
BLR,2018,5730.0
BLR,2017,5320.0
BLR,2016,5640.0
BLR,2015,6740.0
BEL,2024,55290.0
BEL,2023,55520.0
BEL,2022,54330.0
BEL,2021,51140.0
BEL,2020,46330.0
BEL,2019,48070.0
BEL,2018,45980.0
BEL,2017,42310.0
BEL,2016,43240.0
BEL,2015,45520.0
BLZ,2024,7150.0
BLZ,2023,6850.0
BLZ,2022,6710.0
BLZ,2021,6120.0
BLZ,2020,5170.0
BLZ,2019,5850.0
BLZ,2018,5610.0
BLZ,2017,5490.0
BLZ,2016,5640.0
BLZ,2015,5790.0
BEN,2024,1430.0
BEN,2023,1390.0
BEN,2022,1360.0
BEN,2021,1280.0
BEN,2020,1190.0
BEN,2019,1170.0
BEN,2018,1120.0
BEN,2017,1020.0
BEN,2016,1040.0
BEN,2015,1100.0
BMU,2024,145150.0
BMU,2023,134500.0
BMU,2022,132200.0
BMU,2021,120410.0
BMU,2020,110960.0
BMU,2019,116920.0
BMU,2018,117160.0
BMU,2017,113460.0
BMU,2016,105430.0
BMU,2015,103940.0
BTN,2023,3730.0
BTN,2022,3600.0
BTN,2021,3300.0
BTN,2020,3040.0
BTN,2019,3370.0
BTN,2018,3150.0
BTN,2017,2960.0
BTN,2016,2880.0
BTN,2015,2740.0
BOL,2024,4160.0
BOL,2023,4230.0
BOL,2022,4190.0
BOL,2021,3990.0
BOL,2020,3620.0
BOL,2019,4170.0
BOL,2018,3730.0
BOL,2017,3250.0
BOL,2016,3000.0
BOL,2015,2920.0
BIH,2024,8790.0
BIH,2023,8280.0
BIH,2022,7710.0
BIH,2021,6970.0
BIH,2020,6160.0
BIH,2019,6180.0
BIH,2018,5720.0
BIH,2017,5070.0
BIH,2016,5070.0
BIH,2015,5140.0
BWA,2024,7750.0
BWA,2023,8360.0
BWA,2022,8250.0
BWA,2021,7530.0
BWA,2020,6600.0
BWA,2019,7520.0
BWA,2018,6680.0
BWA,2017,6210.0
BWA,2016,6060.0
BWA,2015,6140.0
BRA,2024,9930.0
BRA,2023,9310.0
BRA,2022,8440.0
BRA,2021,8060.0
BRA,2020,8080.0
BRA,2019,9410.0
BRA,2018,9320.0
BRA,2017,8830.0
BRA,2016,9050.0
BRA,2015,10330.0
BRN,2024,36020.0
BRN,2023,34390.0
BRN,2022,30970.0
BRN,2021,29890.0
BRN,2020,30810.0
BRN,2019,31550.0
BRN,2018,28790.0
BRN,2017,29230.0
BRN,2016,32570.0
BRN,2015,38180.0
BGR,2024,15370.0
BGR,2023,14240.0
BGR,2022,13100.0
BGR,2021,11720.0
BGR,2020,10090.0
BGR,2019,9920.0
BGR,2018,8860.0
BGR,2017,7900.0
BGR,2016,7630.0
BGR,2015,7620.0
BFA,2024,850.0
BFA,2023,840.0
BFA,2022,840.0
BFA,2021,820.0
BFA,2020,770.0
BFA,2019,760.0
BFA,2018,730.0
BFA,2017,650.0
BFA,2016,650.0
BFA,2015,680.0
BDI,2024,260.0
BDI,2023,280.0
BDI,2022,290.0
BDI,2021,260.0
BDI,2020,250.0
BDI,2019,250.0
BDI,2018,250.0
BDI,2017,240.0
BDI,2016,240.0
BDI,2015,240.0
CPV,2024,4950.0
CPV,2023,4740.0
CPV,2022,4550.0
CPV,2021,3870.0
CPV,2020,3510.0
CPV,2019,4420.0
CPV,2018,4040.0
CPV,2017,3620.0
CPV,2016,3580.0
CPV,2015,3620.0
KHM,2024,2550.0
KHM,2023,2390.0
KHM,2022,2270.0
KHM,2021,2120.0
KHM,2020,2050.0
KHM,2019,2100.0
KHM,2018,1920.0
KHM,2017,1690.0
KHM,2016,1550.0
KHM,2015,1430.0
CMR,2024,1700.0
CMR,2023,1680.0
CMR,2022,1660.0
CMR,2021,1610.0
CMR,2020,1540.0
CMR,2019,1560.0
CMR,2018,1520.0
CMR,2017,1410.0
CMR,2016,1470.0
CMR,2015,1530.0
CAN,2024,53400.0
CAN,2023,54660.0
CAN,2022,53850.0
CAN,2021,49080.0
CAN,2020,43900.0
CAN,2019,46580.0
CAN,2018,45060.0
CAN,2017,42900.0
CAN,2016,43900.0
CAN,2015,47580.0
CYM,2023,75720.0
CYM,2022,74060.0
CYM,2021,76260.0
CYM,2020,62420.0
CYM,2019,64520.0
CYM,2018,57880.0
CYM,2017,51890.0
CYM,2016,47830.0
CYM,2015,44430.0
CAF,2024,510.0
CAF,2023,530.0
CAF,2022,520.0
CAF,2021,510.0
CAF,2020,490.0
CAF,2019,500.0
CAF,2018,470.0
CAF,2017,420.0
CAF,2016,400.0
CAF,2015,390.0
TCD,2024,940.0
TCD,2023,960.0
TCD,2022,950.0
TCD,2021,890.0
TCD,2020,890.0
TCD,2019,920.0
TCD,2018,890.0
TCD,2017,830.0
TCD,2016,940.0
TCD,2015,1130.0
CHL,2024,15750.0
CHL,2023,15950.0
CHL,2022,15440.0
CHL,2021,14790.0
CHL,2020,12960.0
CHL,2019,14690.0
CHL,2018,14460.0
CHL,2017,13200.0
CHL,2016,13310.0
CHL,2015,14080.0
CHN,2024,13660.0
CHN,2023,13750.0
CHN,2022,13170.0
CHN,2021,12220.0
CHN,2020,10740.0
CHN,2019,10510.0
CHN,2018,9720.0
CHN,2017,8830.0
CHN,2016,8360.0
CHN,2015,8040.0
COL,2024,7040.0
COL,2023,6720.0
COL,2022,6560.0
COL,2021,6310.0
COL,2020,5850.0
COL,2019,6630.0
COL,2018,6350.0
COL,2017,6030.0
COL,2016,6560.0
COL,2015,7420.0
COM,2024,1590.0
COM,2023,1580.0
COM,2022,1590.0
COM,2021,1570.0
COM,2020,1520.0
COM,2019,1530.0
COM,2018,1490.0
COM,2017,1380.0
COM,2016,1410.0
COM,2015,1480.0
COD,2024,670.0
COD,2023,680.0
COD,2022,610.0
COD,2021,530.0
COD,2020,480.0
COD,2019,460.0
COD,2018,460.0
COD,2017,440.0
COD,2016,460.0
COD,2015,460.0
COG,2024,2280.0
COG,2023,2310.0
COG,2022,2170.0
COG,2021,2040.0
COG,2020,2230.0
COG,2019,2180.0
COG,2018,2070.0
COG,2017,1740.0
COG,2016,2260.0
COG,2015,3080.0
CRI,2024,15620.0
CRI,2023,14260.0
CRI,2022,13210.0
CRI,2021,12630.0
CRI,2020,11700.0
CRI,2019,12240.0
CRI,2018,12070.0
CRI,2017,11580.0
CRI,2016,11170.0
CRI,2015,10770.0
CIV,2024,2530.0
CIV,2023,2510.0
CIV,2022,2440.0
CIV,2021,2300.0
CIV,2020,2120.0
CIV,2019,2120.0
CIV,2018,2010.0
CIV,2017,1870.0
CIV,2016,1880.0
CIV,2015,1880.0
HRV,2024,22250.0
HRV,2023,20750.0
HRV,2022,19370.0
HRV,2021,17420.0
HRV,2020,15130.0
HRV,2019,15800.0
HRV,2018,14670.0
HRV,2017,13350.0
HRV,2016,13080.0
HRV,2015,13580.0
CUB,2019,9010.0
CUB,2018,8710.0
CUB,2017,8010.0
CUB,2016,7530.0
CUB,2015,7270.0
CUW,2024,22590.0
CUW,2023,21450.0
CUW,2022,20480.0
CUW,2021,17950.0
CUW,2020,16190.0
CUW,2019,19140.0
CUW,2018,18820.0
CUW,2017,18230.0
CUW,2016,18260.0
CUW,2015,18780.0
