country_name,year,happiness_score,social_support,freedom,generosity,corruption,log_gdp_per_capita,life_expectancy_whr,positive_affect,negative_affect
Finland,2021,7.842,0.954,0.949,-0.098,0.186,,,,
Denmark,2021,7.62,0.954,0.946,0.03,0.179,,,,
Switzerland,2021,7.571,0.942,0.919,0.025,0.292,,,,
Iceland,2021,7.554,0.983,0.955,0.16,0.673,,,,
Netherlands,2021,7.464,0.942,0.913,0.175,0.338,,,,
Norway,2021,7.392,0.954,0.96,0.093,0.27,,,,
Sweden,2021,7.363,0.934,0.945,0.086,0.237,,,,
Luxembourg,2021,7.324,0.908,0.907,-0.034,0.386,,,,
New Zealand,2021,7.277,0.948,0.929,0.134,0.242,,,,
Austria,2021,7.268,0.934,0.908,0.042,0.481,,,,
Australia,2021,7.183,0.94,0.914,0.159,0.442,,,,
Israel,2021,7.157,0.939,0.8,0.031,0.753,,,,
Germany,2021,7.155,0.903,0.875,0.011,0.46,,,,
Canada,2021,7.103,0.926,0.915,0.089,0.415,,,,
Ireland,2021,7.085,0.947,0.879,0.077,0.363,,,,
Costa Rica,2021,7.069,0.891,0.934,-0.126,0.809,,,,
United Kingdom,2021,7.064,0.934,0.859,0.233,0.459,,,,
Czech Republic,2021,6.965,0.947,0.858,-0.208,0.868,,,,
United States,2021,6.951,0.92,0.837,0.098,0.698,,,,
Belgium,2021,6.834,0.906,0.783,-0.153,0.646,,,,
France,2021,6.69,0.942,0.822,-0.147,0.571,,,,
Bahrain,2021,6.647,0.862,0.925,0.089,0.722,,,,
Malta,2021,6.602,0.931,0.927,0.133,0.653,,,,
Taiwan Province of China,2021,6.584,0.898,0.784,-0.07,0.721,,,,
United Arab Emirates,2021,6.561,0.844,0.932,0.074,0.589,,,,
Saudi Arabia,2021,6.494,0.891,0.877,-0.149,0.684,,,,
Spain,2021,6.491,0.932,0.761,-0.081,0.745,,,,
Italy,2021,6.483,0.88,0.693,-0.084,0.866,,,,
Slovenia,2021,6.461,0.948,0.949,-0.101,0.806,,,,
Guatemala,2021,6.435,0.813,0.906,-0.038,0.775,,,,
Uruguay,2021,6.431,0.925,0.896,-0.092,0.59,,,,
Singapore,2021,6.377,0.915,0.927,-0.018,0.082,,,,
Kosovo,2021,6.372,0.821,0.869,0.257,0.917,,,,
Slovakia,2021,6.331,0.936,0.766,-0.124,0.911,,,,
Brazil,2021,6.33,0.882,0.804,-0.071,0.756,,,,
Mexico,2021,6.317,0.831,0.862,-0.147,0.799,,,,
Jamaica,2021,6.309,0.877,0.89,-0.137,0.884,,,,
Lithuania,2021,6.255,0.935,0.773,-0.203,0.826,,,,
Cyprus,2021,6.223,0.802,0.763,-0.015,0.844,,,,
Estonia,2021,6.189,0.941,0.909,-0.106,0.527,,,,
Panama,2021,6.18,0.896,0.872,-0.166,0.856,,,,
Uzbekistan,2021,6.179,0.918,0.97,0.311,0.515,,,,
Chile,2021,6.172,0.882,0.742,-0.044,0.83,,,,
Poland,2021,6.166,0.898,0.841,-0.165,0.735,,,,
Kazakhstan,2021,6.152,0.952,0.853,-0.069,0.733,,,,
Romania,2021,6.14,0.832,0.845,-0.219,0.938,,,,
Kuwait,2021,6.106,0.843,0.867,-0.104,0.736,,,,
Serbia,2021,6.078,0.873,0.778,0.002,0.835,,,,
El Salvador,2021,6.061,0.762,0.888,-0.11,0.688,,,,
Mauritius,2021,6.049,0.905,0.867,-0.054,0.789,,,,
Latvia,2021,6.032,0.927,0.715,-0.162,0.8,,,,
Colombia,2021,6.012,0.847,0.837,-0.135,0.841,,,,
Hungary,2021,5.992,0.943,0.755,-0.186,0.876,,,,
Thailand,2021,5.985,0.888,0.884,0.287,0.895,,,,
Nicaragua,2021,5.972,0.864,0.836,0.02,0.664,,,,
Japan,2021,5.94,0.884,0.796,-0.258,0.638,,,,
Argentina,2021,5.929,0.898,0.828,-0.182,0.834,,,,
Portugal,2021,5.929,0.879,0.892,-0.244,0.887,,,,
Honduras,2021,5.919,0.812,0.857,0.081,0.809,,,,
Croatia,2021,5.882,0.924,0.754,-0.118,0.939,,,,
Philippines,2021,5.88,0.83,0.917,-0.097,0.742,,,,
South Korea,2021,5.845,0.799,0.672,-0.083,0.727,,,,
Peru,2021,5.84,0.832,0.822,-0.154,0.891,,,,
Bosnia and Herzegovina,2021,5.813,0.87,0.706,0.113,0.931,,,,
Moldova,2021,5.766,0.857,0.822,-0.079,0.918,,,,
Ecuador,2021,5.764,0.821,0.842,-0.124,0.843,,,,
Kyrgyzstan,2021,5.744,0.893,0.935,0.119,0.908,,,,
Greece,2021,5.723,0.823,0.582,-0.288,0.823,,,,
Bolivia,2021,5.716,0.81,0.875,-0.077,0.839,,,,
Mongolia,2021,5.677,0.935,0.708,0.116,0.856,,,,
Paraguay,2021,5.653,0.893,0.876,0.028,0.882,,,,
Montenegro,2021,5.581,0.858,0.708,-0.034,0.812,,,,
Dominican Republic,2021,5.545,0.853,0.86,-0.133,0.714,,,,
North Cyprus,2021,5.536,0.82,0.795,0.012,0.626,,,,
Belarus,2021,5.534,0.91,0.65,-0.18,0.627,,,,
Russia,2021,5.477,0.903,0.718,-0.111,0.845,,,,
Hong Kong S.A.R. of China,2021,5.477,0.836,0.717,0.067,0.403,,,,
Tajikistan,2021,5.466,0.86,0.832,-0.056,0.553,,,,
Vietnam,2021,5.411,0.85,0.94,-0.098,0.796,,,,
Libya,2021,5.41,0.827,0.771,-0.087,0.667,,,,
Malaysia,2021,5.384,0.817,0.895,0.125,0.839,,,,
Indonesia,2021,5.345,0.811,0.873,0.542,0.867,,,,
Congo (Brazzaville),2021,5.342,0.636,0.695,-0.068,0.745,,,,
China,2021,5.339,0.811,0.904,-0.146,0.755,,,,
Ivory Coast,2021,5.306,0.644,0.741,-0.016,0.794,,,,
Armenia,2021,5.283,0.799,0.825,-0.168,0.629,,,,
Nepal,2021,5.269,0.774,0.782,0.152,0.727,,,,
Bulgaria,2021,5.266,0.931,0.788,-0.096,0.932,,,,
Maldives,2021,5.198,0.913,0.854,0.024,0.825,,,,
Azerbaijan,2021,5.171,0.836,0.814,-0.223,0.506,,,,
Cameroon,2021,5.142,0.71,0.731,0.026,0.848,,,,
Senegal,2021,5.132,0.71,0.695,-0.046,0.801,,,,
Albania,2021,5.117,0.697,0.785,-0.03,0.901,,,,
North Macedonia,2021,5.101,0.805,0.751,0.038,0.905,,,,
Ghana,2021,5.088,0.727,0.807,0.123,0.848,,,,
Niger,2021,5.074,0.641,0.806,0.018,0.693,,,,
Turkmenistan,2021,5.066,0.983,0.877,0.273,0.888,,,,
Gambia,2021,5.051,0.69,0.697,0.424,0.746,,,,
Benin,2021,5.045,0.489,0.757,-0.034,0.661,,,,
Laos,2021,5.03,0.728,0.91,0.123,0.658,,,,
Bangladesh,2021,5.025,0.693,0.877,-0.041,0.682,,,,
Guinea,2021,4.984,0.639,0.697,0.095,0.766,,,,
South Africa,2021,4.956,0.86,0.749,-0.067,0.86,,,,
Turkey,2021,4.948,0.822,0.576,-0.139,0.776,,,,
Pakistan,2021,4.934,0.651,0.726,0.098,0.787,,,,
Morocco,2021,4.918,0.56,0.774,-0.236,0.801,,,,
Venezuela,2021,4.892,0.861,0.615,-0.169,0.827,,,,
Georgia,2021,4.891,0.671,0.783,-0.238,0.655,,,,
Algeria,2021,4.887,0.802,0.48,-0.067,0.752,,,,
Ukraine,2021,4.875,0.888,0.724,-0.011,0.924,,,,
Iraq,2021,4.854,0.746,0.63,-0.053,0.875,,,,
Gabon,2021,4.852,0.776,0.731,-0.2,0.84,,,,
Burkina Faso,2021,4.834,0.672,0.695,-0.009,0.748,,,,
Cambodia,2021,4.83,0.765,0.959,0.034,0.843,,,,
Mozambique,2021,4.794,0.744,0.882,0.061,0.684,,,,
Nigeria,2021,4.759,0.74,0.737,0.037,0.878,,,,
Mali,2021,4.723,0.724,0.697,-0.036,0.827,,,,
Iran,2021,4.721,0.71,0.608,0.218,0.714,,,,
Uganda,2021,4.636,0.781,0.709,0.122,0.855,,,,
Liberia,2021,4.625,0.72,0.735,0.05,0.85,,,,
Kenya,2021,4.607,0.688,0.779,0.287,0.825,,,,
Tunisia,2021,4.596,0.691,0.656,-0.201,0.87,,,,
Lebanon,2021,4.584,0.848,0.525,-0.073,0.898,,,,
Namibia,2021,4.574,0.818,0.719,-0.149,0.847,,,,
Palestinian Territories,2021,4.517,0.826,0.653,-0.163,0.821,,,,
Myanmar,2021,4.426,0.779,0.876,0.509,0.66,,,,
Jordan,2021,4.395,0.767,0.755,-0.167,0.705,,,,
Chad,2021,4.355,0.619,0.579,0.041,0.807,,,,
Sri Lanka,2021,4.325,0.827,0.841,0.079,0.863,,,,
Swaziland,2021,4.308,0.77,0.647,-0.185,0.708,,,,
Comoros,2021,4.289,0.626,0.548,0.082,0.781,,,,
Egypt,2021,4.283,0.75,0.749,-0.182,0.795,,,,
Ethiopia,2021,4.275,0.764,0.752,0.082,0.761,,,,
Mauritania,2021,4.227,0.795,0.561,-0.106,0.731,,,,
Madagascar,2021,4.208,0.686,0.552,-0.005,0.803,,,,
Togo,2021,4.107,0.569,0.619,0.032,0.772,,,,
Zambia,2021,4.073,0.708,0.782,0.061,0.823,,,,
Sierra Leone,2021,3.849,0.63,0.717,0.084,0.866,,,,
India,2021,3.819,0.603,0.893,0.089,0.774,,,,
Burundi,2021,3.775,0.49,0.626,-0.024,0.607,,,,
Yemen,2021,3.658,0.832,0.602,-0.147,0.8,,,,
Tanzania,2021,3.623,0.702,0.833,0.183,0.577,,,,
Haiti,2021,3.615,0.54,0.593,0.422,0.721,,,,
Malawi,2021,3.6,0.537,0.78,0.038,0.729,,,,
Lesotho,2021,3.512,0.787,0.715,-0.131,0.915,,,,
Botswana,2021,3.467,0.784,0.824,-0.246,0.801,,,,
Rwanda,2021,3.415,0.552,0.897,0.061,0.167,,,,
Zimbabwe,2021,3.145,0.75,0.677,-0.047,0.821,,,,
Afghanistan,2021,2.523,0.463,0.382,-0.102,0.924,,,,
Afghanistan,2015,3.983,0.529,0.389,0.08,0.881,7.702,53.2,0.554,0.339
Afghanistan,2016,4.22,0.559,0.523,0.042,0.793,7.697,53.0,0.565,0.348
Afghanistan,2017,2.662,0.491,0.427,-0.121,0.954,7.697,52.8,0.496,0.371
Afghanistan,2018,2.694,0.508,0.374,-0.094,0.928,7.692,52.6,0.424,0.405
Afghanistan,2019,2.375,0.42,0.394,-0.108,0.924,7.697,52.4,0.351,0.502
Albania,2015,4.607,0.639,0.704,-0.081,0.885,9.403,67.8,0.688,0.35
Albania,2016,4.511,0.638,0.73,-0.017,0.901,9.437,68.1,0.675,0.322
Albania,2017,4.64,0.638,0.75,-0.029,0.876,9.476,68.4,0.669,0.334
Albania,2018,5.004,0.684,0.824,0.009,0.899,9.518,68.7,0.713,0.319
Albania,2019,4.995,0.686,0.777,-0.099,0.914,9.544,69.0,0.681,0.274
Albania,2020,5.365,0.71,0.754,0.007,0.891,9.497,69.3,0.679,0.265
Algeria,2016,5.341,0.749,,,,9.362,65.5,0.661,0.377
Algeria,2017,5.249,0.807,0.437,-0.167,0.7,9.354,65.7,0.642,0.289
Algeria,2018,5.043,0.799,0.583,-0.146,0.759,9.348,65.9,0.591,0.293
Algeria,2019,4.745,0.803,0.385,0.005,0.741,9.337,66.1,0.585,0.215
Argentina,2015,6.697,0.926,0.881,-0.174,0.851,10.083,68.2,0.859,0.305
Argentina,2016,6.427,0.883,0.848,-0.192,0.851,10.051,68.4,0.842,0.312
Argentina,2017,6.039,0.907,0.832,-0.186,0.841,10.067,68.6,0.809,0.292
Argentina,2018,5.793,0.9,0.846,-0.211,0.855,10.032,68.8,0.82,0.321
Argentina,2019,6.086,0.896,0.817,-0.211,0.83,10.0,69.0,0.826,0.319
Argentina,2020,5.901,0.897,0.823,-0.122,0.816,9.85,69.2,0.764,0.342
Armenia,2015,4.348,0.723,0.551,-0.203,0.901,9.334,66.0,0.594,0.438
Armenia,2016,4.325,0.709,0.611,-0.17,0.921,9.333,66.3,0.594,0.437
Armenia,2017,4.288,0.698,0.614,-0.147,0.865,9.402,66.6,0.625,0.437
Armenia,2018,5.062,0.814,0.808,-0.163,0.677,9.451,66.9,0.581,0.455
Armenia,2019,5.488,0.782,0.844,-0.172,0.583,9.522,67.2,0.598,0.43
Australia,2015,7.309,0.952,0.922,0.332,0.357,10.779,72.7,0.79,0.21
Australia,2016,7.25,0.942,0.922,0.239,0.399,10.791,73.0,0.791,0.236
Australia,2017,7.257,0.95,0.911,0.317,0.411,10.798,73.3,0.78,0.225
Australia,2018,7.177,0.94,0.916,0.146,0.405,10.811,73.6,0.759,0.187
Australia,2019,7.234,0.943,0.918,0.121,0.43,10.815,73.9,0.77,0.202
Australia,2020,7.137,0.937,0.905,0.21,0.491,10.76,74.2,0.769,0.205
Austria,2015,7.076,0.928,0.9,0.099,0.557,10.881,72.1,0.798,0.164
Austria,2016,7.048,0.926,0.889,0.08,0.524,10.891,72.4,0.756,0.197
Austria,2017,7.294,0.906,0.89,0.133,0.518,10.908,72.7,0.748,0.18
Austria,2018,7.396,0.912,0.904,0.053,0.523,10.928,73.0,0.752,0.226
Austria,2019,7.195,0.964,0.903,0.06,0.457,10.939,73.3,0.774,0.205
Austria,2020,7.213,0.925,0.912,0.011,0.464,10.851,73.6,0.769,0.206
Azerbaijan,2015,5.147,0.786,0.764,-0.198,0.616,9.606,64.6,0.607,0.206
Azerbaijan,2016,5.304,0.777,0.713,-0.204,0.607,9.564,64.9,0.598,0.191
Azerbaijan,2017,5.152,0.787,0.731,-0.225,0.653,9.555,65.2,0.592,0.198
Azerbaijan,2018,5.168,0.781,0.772,-0.232,0.561,9.562,65.5,0.593,0.191
Azerbaijan,2019,5.173,0.887,0.854,-0.214,0.457,9.575,65.8,0.643,0.164
Bahrain,2015,6.007,0.853,0.85,0.112,,10.785,67.7,0.716,0.303
Bahrain,2016,6.17,0.863,0.889,0.088,,10.781,68.1,0.787,0.283
Bahrain,2017,6.227,0.876,0.906,0.136,,10.771,68.5,0.814,0.29
Bahrain,2019,7.098,0.878,0.907,0.048,,10.715,69.3,0.762,0.317
Bahrain,2020,6.173,0.848,0.945,0.132,,10.62,69.7,0.79,0.297
Bangladesh,2015,4.633,0.601,0.815,-0.068,0.721,8.216,62.8,0.635,0.226
Bangladesh,2016,4.556,0.649,0.875,-0.089,0.688,8.274,63.3,0.56,0.235
Bangladesh,2017,4.31,0.713,0.896,0.012,0.635,8.334,63.8,0.569,0.214
Bangladesh,2018,4.499,0.706,0.901,-0.043,0.701,8.399,64.3,0.541,0.361
Bangladesh,2019,5.114,0.673,0.902,-0.051,0.656,8.467,64.8,0.537,0.369
Bangladesh,2020,5.28,0.739,0.777,-0.009,0.742,8.472,65.3,0.582,0.332
Belarus,2015,5.719,0.924,0.623,-0.091,0.669,9.815,65.2,0.584,0.184
Belarus,2016,5.178,0.927,0.658,-0.125,0.664,9.788,65.5,0.554,0.182
Belarus,2017,5.553,0.9,0.621,-0.122,0.654,9.814,65.8,0.541,0.233
Belarus,2018,5.234,0.905,0.644,-0.174,0.718,9.846,66.1,0.45,0.236
Belarus,2019,5.821,0.917,0.657,-0.186,0.546,9.86,66.4,0.591,0.19
Belgium,2015,6.904,0.885,0.869,0.062,0.469,10.81,71.4,0.805,0.24
Belgium,2016,6.949,0.929,0.866,-0.056,0.497,10.819,71.6,0.765,0.26
Belgium,2017,6.928,0.922,0.857,0.054,0.543,10.834,71.8,0.786,0.234
Belgium,2018,6.892,0.93,0.808,-0.125,0.63,10.844,72.0,0.75,0.25
Belgium,2019,6.772,0.884,0.776,-0.172,0.672,10.853,72.2,0.733,0.244
Belgium,2020,6.839,0.904,0.767,-0.164,0.634,10.771,72.4,0.647,0.26
Benin,2015,3.625,0.434,0.733,-0.027,0.85,7.988,53.1,0.592,0.373
Benin,2016,4.007,0.493,0.78,-0.065,0.838,7.993,53.5,0.608,0.456
Benin,2017,4.853,0.436,0.727,-0.065,0.767,8.021,53.9,0.615,0.458
Benin,2018,5.82,0.504,0.713,0.002,0.747,8.059,54.3,0.647,0.468
Benin,2019,4.976,0.442,0.77,-0.016,0.698,8.098,54.7,0.659,0.441
Benin,2020,4.408,0.507,0.783,-0.083,0.532,8.102,55.1,0.609,0.305
Bhutan,2015,5.082,0.848,0.83,0.277,0.634,9.219,60.2,0.81,0.312
Bolivia,2015,5.834,0.829,0.884,-0.03,0.862,8.985,62.7,0.786,0.393
Bolivia,2016,5.77,0.796,0.882,-0.047,0.853,9.012,63.0,0.783,0.376
Bolivia,2017,5.651,0.779,0.884,-0.12,0.819,9.039,63.3,0.698,0.434
Bolivia,2018,5.916,0.827,0.863,-0.093,0.786,9.066,63.6,0.742,0.387
Bolivia,2019,5.674,0.784,0.881,-0.086,0.857,9.074,63.9,0.751,0.419
Bolivia,2020,5.559,0.805,0.877,-0.054,0.868,8.998,64.2,0.79,0.382
Bosnia and Herzegovina,2015,5.117,0.656,0.631,-0.055,0.96,9.457,66.9,0.534,0.286
Bosnia and Herzegovina,2016,5.181,0.808,0.633,0.134,0.957,9.5,67.2,0.641,0.304
Bosnia and Herzegovina,2017,5.09,0.775,0.564,0.092,0.923,9.532,67.5,0.597,0.271
Bosnia and Herzegovina,2018,5.887,0.836,0.659,0.123,0.913,9.576,67.8,0.643,0.277
Bosnia and Herzegovina,2019,6.016,0.873,0.722,0.079,0.963,9.609,68.1,0.633,0.238
Bosnia and Herzegovina,2020,5.516,0.899,0.74,0.138,0.916,9.583,68.4,0.644,0.325
Botswana,2015,3.762,0.816,0.857,-0.116,0.86,9.724,56.8,0.746,0.261
Botswana,2016,3.499,0.768,0.852,-0.253,0.729,9.748,57.5,0.686,0.252
Botswana,2017,3.505,0.768,0.817,-0.248,0.731,9.756,58.2,0.656,0.276
Botswana,2018,3.461,0.795,0.818,-0.254,0.807,9.778,58.9,0.73,0.267
Botswana,2019,3.471,0.774,0.833,-0.239,0.792,9.785,59.6,0.712,0.273
Brazil,2015,6.547,0.907,0.799,-0.016,0.771,9.62,65.8,0.755,0.325
Brazil,2016,6.375,0.912,0.807,-0.1,0.781,9.578,66.0,0.763,0.302
Brazil,2017,6.333,0.905,0.765,-0.175,0.794,9.583,66.2,0.716,0.308
Brazil,2018,6.191,0.882,0.751,-0.117,0.763,9.589,66.4,0.75,0.35
Brazil,2019,6.451,0.899,0.83,-0.062,0.762,9.592,66.6,0.761,0.337
Brazil,2020,6.11,0.831,0.786,-0.053,0.729,9.522,66.8,0.692,0.389
Bulgaria,2015,4.865,0.908,0.637,-0.2,0.941,9.883,66.2,0.643,0.214
Bulgaria,2016,4.838,0.926,0.7,-0.17,0.936,9.928,66.4,0.622,0.172
Bulgaria,2017,5.097,0.942,0.689,-0.154,0.911,9.969,66.6,0.614,0.189
Bulgaria,2018,5.099,0.924,0.724,-0.176,0.952,10.007,66.8,0.639,0.189
Bulgaria,2019,5.108,0.948,0.822,-0.109,0.943,10.047,67.0,0.663,0.2
Bulgaria,2020,5.598,0.916,0.818,-0.004,0.901,9.991,67.2,0.706,0.221
Burkina Faso,2015,4.419,0.705,0.659,0.004,0.693,7.568,52.4,0.579,0.359
Burkina Faso,2016,4.206,0.764,0.645,-0.001,0.721,7.596,52.9,0.616,0.337
Burkina Faso,2017,4.647,0.785,0.614,-0.063,0.727,7.627,53.4,0.585,0.354
Burkina Faso,2018,4.927,0.665,0.721,-0.013,0.757,7.665,53.9,0.711,0.343
Burkina Faso,2019,4.741,0.683,0.678,-0.004,0.729,7.691,54.4,0.691,0.365
Burundi,2018,3.775,0.485,0.646,-0.024,0.599,6.635,53.4,0.666,0.363
Cambodia,2015,4.162,0.729,0.956,0.21,0.825,8.173,60.4,0.813,0.399
Cambodia,2016,4.461,0.746,0.958,0.076,0.84,8.225,60.8,0.839,0.398
Cambodia,2017,4.586,0.765,0.964,0.088,0.821,8.276,61.2,0.799,0.408
Cambodia,2018,5.122,0.795,0.958,0.036,,8.333,61.6,0.845,0.414
Cambodia,2019,4.998,0.759,0.957,0.013,0.828,8.387,62.0,0.844,0.39
Cambodia,2020,4.377,0.724,0.963,0.052,0.863,8.362,62.4,0.878,0.39
Cameroon,2015,5.038,0.646,0.791,0.049,0.868,8.149,50.3,0.651,0.346
Cameroon,2016,4.816,0.659,0.713,-0.003,0.879,8.167,51.1,0.662,0.367
Cameroon,2017,5.074,0.695,0.767,-0.028,0.844,8.176,51.9,0.632,0.377
Cameroon,2018,5.251,0.677,0.816,0.036,0.884,8.19,52.7,0.642,0.356
Cameroon,2019,4.937,0.711,0.712,-0.008,0.817,8.203,53.5,0.629,0.326
Cameroon,2020,5.241,0.72,0.675,0.049,0.837,8.175,54.3,0.63,0.386
Canada,2015,7.413,0.939,0.931,0.253,0.427,10.774,73.0,0.845,0.286
Canada,2016,7.245,0.924,0.912,0.211,0.385,10.773,73.2,0.825,0.237
Canada,2017,7.415,0.934,0.945,0.163,0.362,10.792,73.4,0.863,0.218
Canada,2018,7.175,0.923,0.946,0.106,0.372,10.798,73.6,0.824,0.259
Canada,2019,7.109,0.925,0.912,0.112,0.436,10.8,73.8,0.822,0.285
Canada,2020,7.025,0.931,0.887,0.05,0.434,10.73,74.0,0.796,0.307
Central African Republic,2016,2.693,0.29,0.624,0.033,0.859,6.785,44.9,0.579,0.494
Central African Republic,2017,3.476,0.32,0.645,0.073,0.89,6.817,45.2,0.614,0.599
Chad,2015,4.323,0.751,0.474,-0.029,0.889,7.527,46.7,0.607,0.358
Chad,2016,4.029,0.616,0.525,0.052,0.82,7.431,47.2,0.582,0.468
Chad,2017,4.559,0.661,0.615,0.008,0.792,7.37,47.7,0.628,0.538
Chad,2018,4.486,0.577,0.65,0.024,0.763,7.363,48.2,0.553,0.544
Chad,2019,4.251,0.64,0.537,0.055,0.832,7.365,48.7,0.587,0.46
Chile,2015,6.533,0.827,0.769,0.041,0.812,10.07,69.6,0.803,0.333
Chile,2016,6.579,0.841,0.652,0.102,0.858,10.074,69.7,0.869,0.283
Chile,2017,6.32,0.88,0.79,-0.02,0.836,10.072,69.8,0.838,0.291
Chile,2018,6.436,0.89,0.789,-0.06,0.816,10.097,69.9,0.833,0.276
Chile,2019,5.942,0.869,0.659,-0.103,0.86,10.095,70.0,0.809,0.337
Chile,2020,6.151,0.888,0.781,0.033,0.812,10.02,70.1,0.815,0.336
China,2015,5.304,0.794,,-0.244,,9.449,68.4,0.809,0.171
China,2016,5.325,0.742,,-0.228,,9.51,68.7,0.826,0.146
China,2017,5.099,0.772,0.878,-0.175,,9.571,69.0,0.821,0.214
China,2018,5.131,0.788,0.895,-0.159,,9.632,69.3,0.856,0.19
China,2019,5.144,0.822,0.927,-0.173,,9.688,69.6,0.891,0.147
China,2020,5.771,0.808,0.891,-0.103,,9.702,69.9,0.789,0.245
Colombia,2015,6.388,0.89,0.791,-0.1,0.843,9.564,66.8,0.839,0.292
Colombia,2016,6.234,0.882,0.835,-0.1,0.898,9.571,67.1,0.794,0.294
Colombia,2017,6.157,0.909,0.838,-0.157,0.875,9.569,67.4,0.837,0.299
Colombia,2018,5.984,0.871,0.851,-0.148,0.855,9.579,67.7,0.825,0.301
Colombia,2019,6.35,0.873,0.822,-0.172,0.854,9.598,68.0,0.822,0.322
Colombia,2020,5.709,0.797,0.84,-0.085,0.808,9.495,68.3,0.795,0.34
Comoros,2018,3.973,0.621,0.56,0.086,0.794,8.028,57.2,0.748,0.337
Comoros,2019,4.609,0.632,0.538,0.077,0.762,8.033,57.5,0.736,0.336
Congo (Brazzaville),2015,4.691,0.642,0.85,-0.104,0.841,8.243,56.1,0.606,0.261
Congo (Brazzaville),2016,4.119,0.615,0.786,-0.072,0.79,8.19,56.7,0.61,0.304
Congo (Brazzaville),2017,4.884,0.655,0.778,-0.131,0.763,8.146,57.3,0.599,0.382
Congo (Brazzaville),2018,5.49,0.621,0.699,-0.092,0.738,8.136,57.9,0.588,0.448
Congo (Brazzaville),2019,5.213,0.625,0.686,-0.046,0.741,8.101,58.5,0.645,0.405
Congo (Kinshasa),2015,3.903,0.767,0.574,-0.048,0.866,6.971,52.1,0.589,0.301
Congo (Kinshasa),2016,4.522,0.864,0.637,-0.024,0.875,6.962,52.5,0.646,0.222
Congo (Kinshasa),2017,4.311,0.67,0.704,0.068,0.809,6.966,52.9,0.551,0.404
Costa Rica,2015,6.854,0.878,0.907,-0.059,0.761,9.799,70.7,0.85,0.286
Costa Rica,2016,7.136,0.901,0.873,-0.032,0.781,9.83,70.9,0.874,0.281
Costa Rica,2017,7.225,0.922,0.936,-0.076,0.742,9.858,71.1,0.874,0.275
Costa Rica,2018,7.141,0.876,0.942,-0.107,0.781,9.874,71.3,0.87,0.326
Costa Rica,2019,6.998,0.906,0.927,-0.146,0.836,9.885,71.5,0.848,0.303
Croatia,2015,5.205,0.768,0.694,-0.096,0.849,10.104,68.4,0.609,0.294
Croatia,2016,5.417,0.798,0.672,-0.065,0.884,10.146,69.0,0.614,0.337
Croatia,2017,5.343,0.77,0.716,-0.104,0.892,10.189,69.6,0.655,0.316
Croatia,2018,5.536,0.91,0.691,-0.151,0.925,10.224,70.2,0.582,0.29
Croatia,2019,5.626,0.936,0.739,-0.137,0.932,10.258,70.8,0.551,0.269
Croatia,2020,6.508,0.923,0.837,-0.063,0.961,10.166,71.4,0.743,0.286
Cyprus,2015,5.439,0.77,0.628,0.114,0.893,10.445,73.1,0.747,0.383
Cyprus,2016,5.795,0.786,0.756,-0.03,0.898,10.506,73.3,0.742,0.336
Cyprus,2017,6.062,0.819,0.812,0.043,0.851,10.539,73.5,0.784,0.301
Cyprus,2018,6.276,0.826,0.794,-0.022,0.848,10.567,73.7,0.75,0.298
Cyprus,2019,6.137,0.776,0.74,-0.008,0.865,10.585,73.9,0.763,0.29
Cyprus,2020,6.26,0.806,0.763,,0.816,,74.1,0.759,0.284
Czech Republic,2015,6.608,0.911,0.808,-0.146,0.886,10.496,68.8,0.751,0.206
Czech Republic,2016,6.736,0.931,0.85,-0.197,0.9,10.518,69.3,0.756,0.201
Czech Republic,2017,6.79,0.901,0.832,-0.177,0.867,10.558,69.8,0.739,0.227
Czech Republic,2018,7.034,0.929,0.79,-0.292,0.851,10.583,70.3,0.714,0.178
Czech Republic,2020,6.897,0.964,0.906,-0.127,0.884,10.53,71.3,0.832,0.29
Denmark,2015,7.514,0.96,0.941,0.222,0.191,10.878,71.5,0.829,0.218
Denmark,2016,7.558,0.954,0.948,0.138,0.21,10.903,71.8,0.836,0.208
Denmark,2017,7.594,0.952,0.955,0.155,0.181,10.916,72.1,0.824,0.206
Denmark,2018,7.649,0.958,0.935,0.018,0.151,10.935,72.4,0.821,0.206
Denmark,2019,7.693,0.958,0.963,0.02,0.174,10.954,72.7,0.862,0.181
Denmark,2020,7.515,0.947,0.938,0.052,0.214,10.91,73.0,0.818,0.227
Dominican Republic,2015,5.062,0.893,0.856,-0.065,0.755,9.637,64.9,0.714,0.295
Dominican Republic,2016,5.239,0.895,0.873,-0.08,0.737,9.691,65.2,0.76,0.278
Dominican Republic,2017,5.605,0.894,0.855,-0.121,0.76,9.725,65.5,0.739,0.275
Dominican Republic,2018,5.433,0.862,0.867,-0.15,0.762,9.782,65.8,0.745,0.291
Dominican Republic,2019,6.004,0.884,0.877,-0.123,0.746,9.821,66.1,0.784,0.264
Dominican Republic,2020,5.168,0.806,0.835,-0.128,0.636,9.802,66.4,0.734,0.314
Ecuador,2015,5.964,0.856,0.801,-0.114,0.666,9.384,67.6,0.851,0.323
Ecuador,2016,6.115,0.842,0.846,-0.015,0.774,9.355,67.9,0.846,0.365
Ecuador,2017,5.84,0.849,0.879,-0.167,0.734,9.36,68.2,0.829,0.314
Ecuador,2018,6.128,0.851,0.869,-0.099,0.831,9.355,68.5,0.876,0.328
Ecuador,2019,5.809,0.808,0.83,-0.115,0.839,9.339,68.8,0.811,0.374
Ecuador,2020,5.354,0.804,0.829,-0.157,0.855,9.244,69.1,0.79,0.416
Egypt,2015,4.763,0.73,0.659,-0.089,0.684,9.266,60.8,0.61,0.344
Egypt,2016,4.557,0.809,0.656,-0.141,0.818,9.287,61.1,0.611,0.37
Egypt,2017,3.929,0.638,0.593,-0.152,,9.307,61.4,0.539,0.414
Egypt,2018,4.005,0.759,0.682,-0.215,,9.338,61.7,0.492,0.285
Egypt,2019,4.328,0.772,0.774,-0.199,,9.373,62.0,0.517,0.313
Egypt,2020,4.472,0.673,0.77,-0.112,,9.383,62.3,0.599,0.442
El Salvador,2015,6.018,0.791,0.733,-0.156,0.805,9.005,65.2,0.826,0.333
El Salvador,2016,6.14,0.794,0.8,-0.185,0.797,9.025,65.5,0.761,0.346
El Salvador,2017,6.339,0.829,0.758,-0.172,0.778,9.042,65.8,0.849,0.268
El Salvador,2018,6.241,0.82,0.863,-0.095,0.801,9.061,66.1,0.86,0.27
El Salvador,2019,6.455,0.764,0.877,-0.109,0.682,9.08,66.4,0.871,0.271
El Salvador,2020,5.462,0.696,0.924,-0.126,0.583,9.019,66.7,0.839,0.329
Estonia,2015,5.629,0.918,0.815,-0.164,0.569,10.348,68.0,0.723,0.183
Estonia,2016,5.65,0.938,0.843,-0.149,0.639,10.374,68.2,0.726,0.177
Estonia,2017,5.938,0.936,0.862,-0.101,0.668,10.429,68.4,0.805,0.16
Estonia,2018,6.091,0.933,0.886,-0.141,0.621,10.472,68.6,0.795,0.163
Estonia,2019,6.035,0.934,0.887,-0.096,0.576,10.511,68.8,0.804,0.156
Estonia,2020,6.453,0.958,0.954,-0.082,0.398,10.459,69.0,0.807,0.188
Ethiopia,2015,4.573,0.626,0.803,0.113,0.567,7.484,57.0,0.714,0.237
Ethiopia,2016,4.298,0.719,0.744,0.038,0.703,7.547,57.5,0.727,0.254
Ethiopia,2017,4.18,0.734,0.717,0.001,0.757,7.612,58.0,0.609,0.304
Ethiopia,2018,4.379,0.74,0.74,0.039,0.799,7.651,58.5,0.66,0.272
Ethiopia,2019,4.1,0.748,0.754,0.053,0.732,7.705,59.0,0.631,0.283
Ethiopia,2020,4.549,0.823,0.769,0.188,0.784,7.711,59.5,0.669,0.252
Finland,2015,7.448,0.948,0.93,0.111,0.223,10.716,71.6,0.751,0.191
Finland,2016,7.66,0.954,0.948,-0.027,0.25,10.74,71.7,0.797,0.182
Finland,2017,7.788,0.964,0.962,-0.002,0.192,10.768,71.8,0.787,0.176
Finland,2018,7.858,0.962,0.938,-0.127,0.199,10.783,71.9,0.782,0.182
Finland,2019,7.78,0.937,0.948,-0.052,0.195,10.792,72.0,0.755,0.181
Finland,2020,7.889,0.962,0.962,-0.116,0.164,10.75,72.1,0.744,0.193
France,2015,6.358,0.896,0.817,-0.139,0.641,10.682,73.2,0.786,0.215
France,2016,6.475,0.885,0.787,-0.091,0.623,10.69,73.4,0.773,0.27
France,2017,6.635,0.931,0.834,-0.123,0.601,10.711,73.6,0.762,0.242
France,2018,6.666,0.921,0.816,-0.138,0.582,10.727,73.8,0.767,0.282
France,2019,6.69,0.958,0.827,-0.133,0.568,10.74,74.0,0.735,0.25
France,2020,6.714,0.947,0.823,-0.169,0.565,10.643,74.2,0.732,0.231
Gabon,2015,4.661,0.756,0.671,-0.194,0.867,9.649,58.2,0.626,0.372
Gabon,2016,4.832,0.78,0.699,-0.204,0.817,9.639,58.7,0.64,0.432
Gabon,2017,4.782,0.807,0.652,-0.228,0.868,9.616,59.2,0.634,0.446
Gabon,2018,4.783,0.785,0.719,-0.197,0.823,9.599,59.7,0.641,0.418
Gabon,2019,4.914,0.763,0.736,-0.203,0.846,9.607,60.2,0.693,0.413
Gambia,2017,4.118,0.697,0.812,0.111,0.572,7.637,54.7,0.838,0.277
Gambia,2018,4.922,0.685,0.719,0.44,0.691,7.671,55.0,0.804,0.379
Gambia,2019,5.164,0.694,0.677,0.41,0.798,7.699,55.3,0.773,0.401
Georgia,2015,4.122,0.517,0.64,-0.205,0.502,9.442,65.1,0.547,0.233
Georgia,2016,4.448,0.533,0.606,-0.249,0.561,9.47,64.9,0.564,0.223
Georgia,2017,4.451,0.59,0.821,-0.244,0.59,9.517,64.7,0.581,0.21
Georgia,2018,4.659,0.617,0.775,-0.233,0.755,9.565,64.5,0.573,0.244
Georgia,2019,4.892,0.675,0.811,-0.26,0.647,9.617,64.3,0.604,0.244
Georgia,2020,5.123,0.718,0.764,-0.221,0.583,9.569,64.1,0.611,0.295
Germany,2015,7.037,0.926,0.889,0.178,0.412,10.844,71.3,0.765,0.203
Germany,2016,6.874,0.906,0.871,0.148,0.446,10.858,71.6,0.738,0.187
Germany,2017,7.074,0.892,0.841,0.145,0.414,10.878,71.9,0.737,0.196
Germany,2018,7.118,0.92,0.877,0.034,0.496,10.89,72.2,0.78,0.243
Germany,2019,7.035,0.886,0.885,0.057,0.462,10.893,72.5,0.751,0.226
Germany,2020,7.312,0.905,0.864,-0.06,0.424,10.833,72.8,0.76,0.206
Ghana,2015,3.986,0.687,0.852,-0.038,0.945,8.449,56.0,0.69,0.265
Ghana,2016,4.514,0.647,0.751,0.09,0.894,8.46,56.4,0.668,0.305
Ghana,2017,5.481,0.669,0.783,0.079,0.839,8.517,56.8,0.703,0.248
Ghana,2018,5.004,0.761,0.817,0.062,0.846,8.555,57.2,0.747,0.25
Ghana,2019,4.967,0.746,0.787,0.116,0.857,8.596,57.6,0.682,0.27
Ghana,2020,5.319,0.643,0.824,0.2,0.847,8.59,58.0,0.713,0.253
Greece,2015,5.623,0.835,0.532,-0.272,0.824,10.259,71.8,0.74,0.277
Greece,2016,5.303,0.803,0.482,-0.26,0.898,10.261,72.0,0.701,0.336
Greece,2017,5.148,0.753,0.438,-0.29,0.872,10.278,72.2,0.603,0.333
Greece,2018,5.409,0.794,0.564,-0.335,0.86,10.299,72.4,0.666,0.255
Greece,2019,5.952,0.891,0.614,-0.289,0.848,10.319,72.6,0.668,0.236
Greece,2020,5.788,0.779,0.565,-0.241,0.764,10.215,72.8,0.684,0.322
Guatemala,2015,6.465,0.823,0.869,0.051,0.822,9.003,63.9,0.851,0.311
Guatemala,2016,6.359,0.811,0.863,0.011,0.812,9.013,64.2,0.846,0.321
Guatemala,2017,6.325,0.826,0.915,-0.059,0.8,9.026,64.5,0.846,0.308
Guatemala,2018,6.627,0.841,0.91,-0.01,0.765,9.042,64.8,0.871,0.262
Guatemala,2019,6.262,0.774,0.901,-0.062,0.773,9.064,65.1,0.859,0.311
Guinea,2015,3.505,0.579,0.666,0.007,0.762,7.645,51.1,0.667,0.268
Guinea,2016,3.603,0.675,0.726,-0.056,0.803,7.721,52.2,0.687,0.374
Guinea,2017,4.874,0.634,0.738,0.038,0.75,7.792,53.3,0.704,0.422
Guinea,2018,5.252,0.63,0.731,0.092,0.778,7.823,54.4,0.744,0.44
Guinea,2019,4.768,0.655,0.691,0.097,0.756,7.849,55.5,0.685,0.473
Haiti,2015,3.57,0.564,0.398,0.306,0.777,7.476,55.1,0.619,0.333
Haiti,2016,3.352,0.584,0.304,0.291,0.839,7.477,55.3,0.553,0.367
Haiti,2017,3.824,0.647,0.484,0.381,0.647,7.475,55.5,0.573,0.322
Haiti,2018,3.615,0.538,0.591,0.422,0.72,7.477,55.7,0.584,0.359
Honduras,2015,4.845,0.772,0.534,-0.097,0.848,8.572,66.6,0.863,0.311
Honduras,2016,5.648,0.774,0.85,0.08,0.793,8.593,66.8,0.832,0.297
Honduras,2017,6.02,0.843,0.898,0.072,0.783,8.624,67.0,0.842,0.248
Honduras,2018,5.908,0.827,0.872,0.099,0.804,8.643,67.2,0.872,0.287
Honduras,2019,5.93,0.797,0.846,0.063,0.815,8.653,67.4,0.85,0.279
Hong Kong S.A.R. of China,2016,5.498,0.832,0.8,0.1,0.403,10.97,,0.664,0.213
Hong Kong S.A.R. of China,2017,5.362,0.831,0.831,0.14,0.416,11.0,,0.64,0.201
Hong Kong S.A.R. of China,2019,5.659,0.856,0.727,0.067,0.432,11.0,,0.599,0.358
Hong Kong S.A.R. of China,2020,5.295,0.813,0.705,,0.38,,,0.609,0.21
Hungary,2015,5.344,0.859,0.558,-0.198,0.908,10.223,66.4,0.707,0.245
Hungary,2016,5.449,0.9,0.554,-0.187,0.924,10.248,66.8,0.666,0.243
Hungary,2017,6.065,0.877,0.661,-0.139,0.886,10.293,67.2,0.735,0.181
Hungary,2018,5.936,0.941,0.693,-0.243,0.911,10.344,67.6,0.676,0.201
Hungary,2019,6.0,0.947,0.798,-0.195,0.884,10.393,68.0,0.743,0.18
Hungary,2020,6.038,0.943,0.771,-0.12,0.836,10.335,68.4,0.735,0.24
Iceland,2015,7.498,0.98,0.94,0.301,0.639,10.854,73.0,0.849,0.18
Iceland,2016,7.51,0.985,0.952,0.281,0.719,10.904,73.0,0.874,0.158
Iceland,2017,7.476,0.967,0.939,0.246,0.727,10.925,73.0,0.895,0.148
Iceland,2019,7.533,0.982,0.959,,0.699,10.931,73.0,0.836,0.178
Iceland,2020,7.575,0.983,0.949,0.16,0.644,10.824,73.0,0.863,0.172
India,2015,4.342,0.61,0.777,-0.005,0.776,8.604,58.9,0.701,0.322
India,2016,4.179,0.614,0.82,0.046,0.765,8.673,59.3,0.695,0.346
India,2017,4.046,0.607,0.886,-0.042,0.781,8.73,59.7,0.682,0.318
India,2018,3.818,0.638,0.89,0.085,0.805,8.779,60.1,0.657,0.357
India,2019,3.249,0.561,0.876,0.112,0.752,8.818,60.5,0.648,0.466
India,2020,4.225,0.617,0.906,0.075,0.78,8.703,60.9,0.752,0.383
Indonesia,2015,5.043,0.809,0.779,0.471,0.946,9.225,61.5,0.876,0.274
Indonesia,2016,5.136,0.792,0.83,0.5,0.89,9.262,61.7,0.833,0.342
Indonesia,2017,5.098,0.796,0.865,0.488,0.9,9.3,61.9,0.863,0.319
Indonesia,2018,5.34,0.809,0.879,0.512,0.868,9.339,62.1,0.864,0.296
Indonesia,2019,5.347,0.802,0.866,0.555,0.861,9.377,62.3,0.877,0.302
Iran,2015,4.75,0.572,0.78,0.176,0.699,9.449,65.1,0.645,0.52
Iran,2016,4.653,0.566,0.773,0.186,0.713,9.561,65.4,0.687,0.526
Iran,2017,4.717,0.714,0.731,0.218,0.715,9.584,65.7,0.694,0.439
Iran,2018,4.278,0.674,0.603,,0.703,,66.0,0.553,0.493
Iran,2019,5.006,0.698,0.623,,0.728,,66.3,0.6,0.449
Iran,2020,4.865,0.757,0.6,,0.71,,66.6,0.582,0.47
Iraq,2015,4.493,0.684,0.599,0.019,0.762,9.241,58.4,0.49,0.581
Iraq,2016,4.413,0.719,0.666,-0.052,0.799,9.354,59.0,0.489,0.57
Iraq,2017,4.462,0.695,0.628,0.0,0.757,9.303,59.6,0.505,0.591
Iraq,2018,4.886,0.764,0.598,-0.068,0.887,9.274,60.2,0.605,0.482
Iraq,2020,4.785,0.708,0.7,-0.021,0.849,9.167,61.4,0.644,0.532
Ireland,2015,6.83,0.953,0.892,0.233,0.409,11.174,72.0,0.799,0.225
Ireland,2016,7.041,0.958,0.875,0.174,0.399,11.199,72.1,0.809,0.211
Ireland,2017,7.06,0.943,0.905,0.216,0.337,11.266,72.2,0.833,0.213
Ireland,2018,6.962,0.938,0.861,0.144,0.362,11.332,72.3,0.811,0.213
Ireland,2019,7.255,0.944,0.892,0.074,0.373,11.371,72.4,0.807,0.223
Ireland,2020,7.035,0.96,0.882,0.014,0.356,11.323,72.5,0.797,0.246
Israel,2015,7.079,0.864,0.753,0.108,0.789,10.536,72.7,0.697,0.256
Israel,2016,7.159,0.89,0.772,0.153,0.804,10.555,72.9,0.629,0.263
Israel,2017,7.331,0.916,0.768,0.145,0.793,10.57,73.1,0.674,0.276
Israel,2018,6.927,0.91,0.725,0.055,0.77,10.585,73.3,0.663,0.282
Israel,2019,7.332,0.946,0.834,0.085,0.743,10.601,73.5,0.635,0.266
Israel,2020,7.195,0.959,0.831,-0.049,0.748,10.538,73.7,0.621,0.243
Italy,2015,5.848,0.909,0.575,-0.064,0.913,10.608,73.0,0.692,0.329
Italy,2016,5.955,0.927,0.624,-0.081,0.903,10.622,73.2,0.685,0.339
Italy,2017,6.199,0.92,0.633,-0.035,0.867,10.64,73.4,0.661,0.323
Italy,2018,6.517,0.913,0.65,-0.021,0.888,10.65,73.6,0.649,0.403
Italy,2019,6.445,0.838,0.709,-0.082,0.866,10.655,73.8,0.631,0.328
Italy,2020,6.488,0.89,0.718,-0.15,0.844,10.563,74.0,0.67,0.311
Ivory Coast,2015,4.445,0.704,0.8,-0.053,0.744,8.393,47.7,0.664,0.347
Ivory Coast,2016,4.543,0.617,0.769,-0.043,0.757,8.437,48.3,0.704,0.378
Ivory Coast,2017,5.038,0.661,0.732,-0.111,0.771,8.483,48.9,0.698,0.357
Ivory Coast,2018,5.268,0.621,0.713,-0.05,0.791,8.523,49.5,0.682,0.386
Ivory Coast,2019,5.392,0.679,0.736,-0.017,0.799,8.564,50.1,0.674,0.425
Ivory Coast,2020,5.257,0.613,0.77,0.016,0.777,8.565,50.7,0.693,0.34
Jamaica,2017,5.89,0.913,0.861,-0.13,0.883,9.169,67.1,0.769,0.243
Jamaica,2019,6.309,0.878,0.891,-0.137,0.885,9.186,67.5,0.752,0.195
Japan,2015,5.88,0.923,0.832,-0.155,0.654,10.588,74.7,0.768,0.176
Japan,2016,5.955,0.9,0.836,-0.062,0.698,10.595,74.8,0.76,0.192
Japan,2017,5.911,0.882,0.849,-0.206,0.659,10.618,74.9,0.74,0.176
Japan,2018,5.794,0.886,0.773,-0.261,0.687,10.623,75.0,0.703,0.185
Japan,2019,5.908,0.878,0.806,-0.255,0.617,10.632,75.1,0.743,0.194
Japan,2020,6.118,0.887,0.806,-0.259,0.609,10.58,75.2,0.742,0.186
Jordan,2015,5.405,0.83,0.767,-0.046,,9.207,66.2,0.69,0.305
Jordan,2016,5.271,0.82,0.771,-0.038,,9.197,66.4,0.641,0.312
Jordan,2017,4.808,0.815,0.766,-0.152,,9.194,66.6,0.628,0.392
Jordan,2018,4.639,0.8,0.762,-0.186,,9.196,66.8,,
Jordan,2019,4.453,0.793,0.726,-0.165,,9.201,67.0,,
Jordan,2020,4.094,0.709,0.779,-0.15,,9.15,67.2,,
Kazakhstan,2015,5.95,0.931,0.74,-0.037,0.714,10.098,62.8,0.73,0.174
Kazakhstan,2016,5.534,0.928,0.783,-0.036,0.702,10.095,63.4,0.702,0.155
Kazakhstan,2017,5.882,0.914,0.745,-0.035,0.755,10.121,64.0,0.757,0.171
Kazakhstan,2018,6.008,0.937,0.84,-0.098,0.824,10.148,64.6,0.693,0.162
Kazakhstan,2019,6.272,0.951,0.852,-0.055,0.708,10.179,65.2,0.787,0.139
Kazakhstan,2020,6.168,0.966,0.872,-0.056,0.661,10.135,65.8,0.684,0.15
Kenya,2015,4.358,0.777,0.793,0.221,0.853,8.249,58.3,0.702,0.172
Kenya,2016,4.396,0.706,0.749,0.298,0.828,8.282,58.9,0.743,0.226
Kenya,2017,4.476,0.715,0.853,0.234,0.854,8.306,59.5,0.788,0.23
Kenya,2018,4.656,0.707,0.821,0.291,0.844,8.344,60.1,0.759,0.237
Kenya,2019,4.619,0.676,0.818,0.31,0.794,8.373,60.7,0.751,0.251
Kenya,2020,4.547,0.674,0.702,0.26,0.837,8.365,61.3,0.733,0.297
Kosovo,2015,5.077,0.805,0.561,0.181,0.851,9.182,,0.753,0.18
Kosovo,2016,5.759,0.824,0.827,0.125,0.941,9.228,,0.704,0.15
Kosovo,2017,6.149,0.792,0.858,0.117,0.925,9.262,,0.738,0.186
Kosovo,2018,6.392,0.822,0.89,0.269,0.922,9.296,,0.778,0.17
Kosovo,2019,6.425,0.843,0.841,0.247,0.92,9.339,,0.749,0.141
Kosovo,2020,6.294,0.792,0.88,,0.91,,,0.726,0.201
Kuwait,2015,6.146,0.823,0.822,0.082,,10.912,66.1,0.723,0.324
Kuwait,2016,5.947,0.845,0.841,-0.075,,10.91,66.3,0.688,0.315
Kuwait,2017,6.094,0.853,0.884,-0.005,,10.837,66.5,0.692,0.307
Kuwait,2019,6.106,0.842,0.867,-0.104,,10.817,66.9,0.695,0.303
Kyrgyzstan,2015,4.905,0.857,0.813,0.2,0.858,8.477,63.2,0.767,0.173
Kyrgyzstan,2016,4.857,0.914,0.814,0.056,0.917,8.5,63.5,0.778,0.126
Kyrgyzstan,2017,5.63,0.883,0.859,0.143,0.874,8.526,63.8,0.755,0.16
Kyrgyzstan,2018,5.297,0.898,0.945,0.267,0.907,8.543,64.1,0.763,0.203
Kyrgyzstan,2019,5.685,0.877,0.92,-0.002,0.885,8.567,64.4,0.766,0.207
Kyrgyzstan,2020,6.25,0.902,0.935,0.103,0.931,8.503,64.7,0.803,0.258
Laos,2017,4.623,0.707,0.891,0.073,0.592,8.89,58.3,0.873,0.344
Laos,2018,4.859,0.705,0.907,0.141,0.634,8.935,58.7,0.852,0.332
Laos,2019,5.197,0.729,0.906,0.061,0.62,8.965,59.1,0.878,0.306
Laos,2020,5.284,0.66,0.915,0.141,0.748,8.96,59.5,0.822,0.358
Latvia,2015,5.881,0.879,0.656,-0.077,0.808,10.185,65.9,0.608,0.228
Latvia,2016,5.94,0.917,0.685,-0.156,0.868,10.211,66.2,0.654,0.231
Latvia,2017,5.978,0.895,0.7,-0.154,0.798,10.257,66.5,0.623,0.232
Latvia,2018,5.901,0.913,0.608,-0.212,0.799,10.307,66.8,0.585,0.192
Latvia,2019,5.97,0.936,0.698,-0.194,0.789,10.336,67.1,0.575,0.212
Latvia,2020,6.229,0.928,0.82,-0.078,0.809,10.3,67.4,0.714,0.202
Lebanon,2015,5.172,0.742,0.597,0.073,0.889,9.699,65.6,0.568,0.243
Lebanon,2016,5.271,0.828,0.657,0.031,0.853,9.687,66.1,0.553,0.263
Lebanon,2017,5.154,0.777,0.605,-0.074,0.911,9.681,66.6,0.515,0.244
Lebanon,2018,5.167,0.829,0.607,-0.066,0.907,9.656,67.1,0.464,0.271
Lebanon,2019,4.024,0.866,0.447,-0.081,0.89,9.597,67.6,0.322,0.494
Lesotho,2016,3.808,0.798,0.729,-0.099,0.743,7.953,46.6,0.732,0.27
Lesotho,2017,3.795,0.769,0.757,-0.145,0.797,7.931,47.3,0.746,0.255
Lesotho,2019,3.512,0.79,0.716,-0.131,0.915,7.926,48.7,0.735,0.273
Liberia,2015,2.702,0.638,0.671,-0.061,0.903,7.365,53.7,0.505,0.388
Liberia,2016,3.355,0.643,0.763,0.033,0.901,7.324,54.5,0.636,0.509
Liberia,2017,4.424,0.685,0.733,-0.012,0.867,7.324,55.3,0.668,0.391
Liberia,2018,4.135,0.727,0.766,0.05,0.868,7.311,56.1,0.66,0.436
Liberia,2019,5.121,0.712,0.706,0.051,0.828,7.264,56.9,0.636,0.389
Libya,2015,5.615,0.868,0.775,-0.044,,9.308,62.3,0.704,0.369
Libya,2016,5.434,0.876,0.822,-0.089,,9.268,62.3,0.718,0.383
Libya,2017,5.647,0.823,0.779,-0.019,0.673,9.491,62.3,0.697,0.379
Libya,2018,5.494,0.824,0.781,-0.101,0.646,9.617,62.3,0.706,0.399
Libya,2019,5.33,0.827,0.762,-0.073,0.686,9.627,62.3,0.709,0.401
Lithuania,2015,5.711,0.929,0.641,-0.254,0.924,10.335,65.5,0.595,0.276
Lithuania,2016,5.866,0.938,0.614,-0.266,0.949,10.373,66.1,0.594,0.25
Lithuania,2017,6.273,0.926,0.749,-0.174,0.79,10.429,66.7,0.608,0.195
Lithuania,2018,6.309,0.929,0.699,-0.237,0.852,10.474,67.3,0.517,0.214
Lithuania,2019,6.064,0.918,0.78,-0.251,0.783,10.518,67.9,0.566,0.276
Lithuania,2020,6.391,0.953,0.824,-0.122,0.829,10.504,68.5,0.66,0.202
Luxembourg,2015,6.702,0.934,0.932,0.052,0.375,11.617,72.6,0.757,0.193
Luxembourg,2016,6.967,0.941,0.882,0.019,0.356,11.64,72.6,0.758,0.192
Luxembourg,2017,7.061,0.905,0.903,0.044,0.33,11.634,72.6,0.766,0.184
Luxembourg,2018,7.243,0.902,0.884,-0.022,0.385,11.645,72.6,0.75,0.202
Luxembourg,2019,7.404,0.912,0.93,-0.045,0.39,11.648,72.6,0.789,0.212
Madagascar,2015,3.593,0.647,0.545,-0.041,0.861,7.344,57.9,0.802,0.226
Madagascar,2016,3.663,0.746,0.57,-0.069,0.864,7.356,58.3,0.813,0.204
Madagascar,2017,4.079,0.626,0.57,-0.033,0.847,7.368,58.7,0.752,0.375
Madagascar,2018,4.071,0.666,0.551,0.003,0.889,7.386,59.1,0.752,0.362
Madagascar,2019,4.339,0.701,0.55,-0.012,0.72,7.406,59.5,0.723,0.304
Malawi,2015,3.868,0.494,0.801,0.058,0.835,6.935,55.5,0.633,0.26
Malawi,2016,3.476,0.524,0.81,0.066,0.824,6.932,56.2,0.603,0.325
Malawi,2017,3.417,0.555,0.848,0.025,0.735,6.945,56.9,0.609,0.312
Malawi,2018,3.335,0.528,0.799,0.073,0.766,6.949,57.6,0.586,0.365
Malawi,2019,3.869,0.549,0.765,0.004,0.68,6.966,58.3,0.537,0.348
Malaysia,2015,6.322,0.818,0.675,0.222,0.838,10.118,66.4,0.775,0.314
Malaysia,2018,5.339,0.789,0.875,0.127,0.894,10.223,67.0,0.824,0.2
Malaysia,2019,5.428,0.842,0.916,0.123,0.782,10.252,67.2,0.834,0.176
Maldives,2018,5.198,0.913,0.855,0.024,,9.826,70.6,,
Mali,2015,4.582,0.83,0.634,-0.068,0.8,7.669,50.2,0.709,0.243
Mali,2016,4.016,0.836,0.696,-0.07,0.862,7.695,50.7,0.807,0.305
Mali,2017,4.742,0.741,0.753,-0.069,0.863,7.718,51.2,0.742,0.393
Mali,2018,4.416,0.692,0.737,-0.034,0.793,7.733,51.7,0.77,0.37
Mali,2019,4.988,0.755,0.67,-0.038,0.846,7.752,52.2,0.712,0.358
Malta,2015,6.613,0.919,0.912,0.347,0.664,10.566,72.2,0.68,0.355
Malta,2016,6.591,0.93,0.916,0.345,0.696,10.599,72.2,0.687,0.355
Malta,2017,6.676,0.937,0.924,0.253,0.69,10.635,72.2,0.721,0.302
Malta,2018,6.91,0.932,0.927,0.179,0.595,10.67,72.2,0.721,0.296
Malta,2019,6.733,0.922,0.924,0.087,0.689,10.677,72.2,0.707,0.356
Malta,2020,6.157,0.938,0.931,,0.675,,72.2,0.601,0.411
Mauritania,2015,3.923,0.875,0.447,0.055,0.715,8.542,56.1,0.82,0.194
Mauritania,2016,4.472,0.785,0.467,-0.175,0.842,8.526,56.4,0.735,0.222
Mauritania,2017,4.678,0.779,0.527,-0.153,0.777,8.533,56.7,0.637,0.272
Mauritania,2018,4.314,0.802,0.467,-0.112,0.711,8.526,57.0,0.663,0.276
Mauritania,2019,4.153,0.798,0.628,-0.102,0.743,8.556,57.3,0.692,0.26
Mauritius,2016,5.61,0.836,0.819,0.139,0.891,9.935,65.8,0.785,0.246
Mauritius,2017,6.174,0.91,0.912,0.087,0.818,9.972,66.1,0.748,0.169
Mauritius,2018,5.882,0.909,0.867,-0.073,0.785,10.008,66.4,0.774,0.158
Mauritius,2019,6.241,0.913,0.893,-0.053,0.81,10.043,66.7,0.808,0.149
Mauritius,2020,6.015,0.893,0.843,-0.037,0.772,9.972,67.0,0.767,0.138
Mexico,2015,6.236,0.761,0.719,-0.152,0.708,9.867,67.4,0.745,0.237
Mexico,2016,6.824,0.893,0.752,-0.153,0.809,9.884,67.7,0.859,0.22
Mexico,2017,6.41,0.8,0.861,-0.202,0.801,9.893,68.0,0.843,0.231
Mexico,2018,6.55,0.858,0.816,-0.179,0.809,9.903,68.3,0.882,0.213
Mexico,2019,6.432,0.852,0.903,-0.141,0.809,9.891,68.6,0.864,0.252
Mexico,2020,5.964,0.779,0.873,-0.119,0.778,9.782,68.9,0.81,0.292
Moldova,2015,6.017,0.84,0.595,-0.09,0.943,9.246,62.9,0.59,0.281
Moldova,2016,5.578,0.837,0.557,-0.047,0.969,9.3,63.6,0.621,0.275
Moldova,2017,5.326,0.831,0.553,-0.053,0.926,9.363,64.3,0.581,0.259
Moldova,2018,5.682,0.892,0.824,-0.084,0.929,9.423,65.0,0.582,0.27
Moldova,2019,5.803,0.809,0.784,-0.092,0.884,9.475,65.7,0.631,0.262
Moldova,2020,5.812,0.874,0.859,-0.058,0.941,9.462,66.4,0.727,0.268
Mongolia,2015,4.983,0.906,0.686,0.173,0.9,9.308,61.7,0.653,0.208
Mongolia,2016,5.057,0.947,0.76,0.09,0.9,9.3,61.9,0.694,0.171
Mongolia,2017,5.334,0.924,0.675,0.119,0.865,9.334,62.1,0.675,0.214
Mongolia,2018,5.465,0.942,0.696,0.054,0.849,9.386,62.3,0.654,0.192
Mongolia,2019,5.563,0.946,0.711,0.149,0.873,9.418,62.5,0.707,0.167
Mongolia,2020,6.011,0.918,0.718,0.141,0.843,9.396,62.7,0.636,0.26
Montenegro,2015,5.125,0.74,0.583,-0.144,0.781,9.81,67.9,0.58,0.337
Montenegro,2016,5.304,0.866,0.569,-0.087,0.849,9.839,68.1,0.591,0.337
Montenegro,2017,5.615,0.881,0.626,-0.083,0.756,9.885,68.3,0.519,0.35
Montenegro,2018,5.65,0.856,0.626,-0.051,0.769,9.934,68.5,0.59,0.355
Montenegro,2019,5.386,0.832,0.694,-0.105,0.82,9.97,68.7,0.591,0.366
Montenegro,2020,5.722,0.887,0.802,0.06,0.845,9.913,68.9,0.603,0.411
Morocco,2015,5.163,0.606,0.713,-0.228,0.842,8.872,65.0,0.661,0.262
Morocco,2016,5.386,0.655,0.817,-0.237,0.717,8.869,65.3,0.713,0.205
Morocco,2017,5.312,0.641,0.814,-0.216,0.841,8.898,65.6,0.559,0.323
Morocco,2018,4.897,0.554,0.773,-0.234,0.843,8.914,65.9,0.638,0.416
Morocco,2019,5.057,0.535,0.757,-0.244,0.757,8.925,66.2,0.589,0.41
Morocco,2020,4.803,0.553,0.819,-0.229,0.803,8.871,66.5,0.587,0.256
Mozambique,2015,4.55,0.666,0.813,0.089,0.632,7.141,51.2,0.564,0.34
Mozambique,2017,4.28,0.678,0.823,-0.03,0.682,7.157,53.2,0.648,0.353
Mozambique,2018,4.654,0.738,0.897,0.049,0.691,7.162,54.2,0.64,0.397
Mozambique,2019,4.932,0.742,0.87,0.073,0.682,7.155,55.2,0.587,0.384
Myanmar,2015,4.224,0.752,0.808,0.688,0.633,8.359,58.1,0.866,0.272
Myanmar,2016,4.623,0.793,0.877,0.679,0.607,8.408,58.4,0.804,0.302
Myanmar,2017,4.154,0.795,0.886,0.65,0.619,8.464,58.7,0.746,0.282
Myanmar,2018,4.411,0.774,0.906,0.49,0.647,8.523,59.0,0.777,0.3
Myanmar,2019,4.434,0.763,0.899,0.561,0.682,8.545,59.3,0.755,0.286
Myanmar,2020,4.431,0.796,0.825,0.47,0.647,8.554,59.6,0.8,0.289
Namibia,2017,4.441,0.828,0.81,-0.19,0.831,9.215,56.2,0.721,0.277
Namibia,2018,4.834,0.864,0.754,-0.169,0.846,9.204,56.5,0.739,0.24
Namibia,2019,4.436,0.845,0.739,-0.174,0.879,9.173,56.8,0.672,0.256
Namibia,2020,4.451,0.741,0.666,-0.104,0.81,9.104,57.1,0.648,0.248
Nepal,2015,4.812,0.748,0.763,0.227,0.824,7.976,60.2,0.543,0.358
Nepal,2016,5.1,0.837,0.839,0.168,0.817,7.973,61.3,0.627,0.37
Nepal,2017,4.737,0.816,0.845,0.134,0.77,8.039,62.4,0.571,0.376
Nepal,2018,4.91,0.768,0.77,0.122,0.742,8.087,63.5,0.537,0.387
Nepal,2019,5.449,0.772,0.79,0.167,0.712,8.136,64.6,0.536,0.357
Netherlands,2015,7.324,0.879,0.904,0.261,0.412,10.882,72.0,0.834,0.202
Netherlands,2016,7.541,0.926,0.907,0.239,0.433,10.899,72.1,0.838,0.215
Netherlands,2017,7.459,0.937,0.92,0.25,0.363,10.921,72.2,0.852,0.185
Netherlands,2018,7.463,0.939,0.92,0.161,0.371,10.941,72.3,0.862,0.205
Netherlands,2019,7.425,0.941,0.886,0.213,0.36,10.953,72.4,0.838,0.231
Netherlands,2020,7.504,0.944,0.935,0.151,0.281,10.901,72.5,0.784,0.247
New Zealand,2015,7.418,0.987,0.942,0.329,0.186,10.608,72.6,0.834,0.16
New Zealand,2016,7.226,0.937,0.927,0.266,0.278,10.623,72.8,0.833,0.207
New Zealand,2017,7.327,0.955,0.942,0.294,0.222,10.633,73.0,0.817,0.172
New Zealand,2018,7.37,0.954,0.949,0.12,0.207,10.66,73.2,0.845,0.168
New Zealand,2019,7.205,0.939,0.912,0.157,0.234,10.666,73.4,0.816,0.191
New Zealand,2020,7.257,0.952,0.918,0.125,0.283,10.6,73.6,0.849,0.209
Nicaragua,2015,5.924,0.827,0.809,0.077,0.728,8.636,66.6,0.797,0.346
Nicaragua,2016,6.013,0.853,0.717,0.039,0.731,8.668,66.9,0.805,0.38
Nicaragua,2017,6.476,0.838,0.922,0.01,0.673,8.7,67.2,0.85,0.308
Nicaragua,2018,5.819,0.854,0.797,0.009,0.713,8.647,67.5,0.793,0.408
Nicaragua,2019,6.113,0.874,0.883,0.029,0.622,8.595,67.8,0.835,0.337
Niger,2015,3.671,0.713,0.728,-0.032,0.703,7.03,52.0,0.682,0.218
Niger,2016,4.235,0.683,0.702,-0.016,0.814,7.047,52.5,0.675,0.325
Niger,2017,4.616,0.582,0.684,-0.03,0.778,7.058,53.0,0.731,0.427
Niger,2018,5.164,0.612,0.791,0.009,0.637,7.087,53.5,0.771,0.503
Niger,2019,5.004,0.677,0.831,0.026,0.729,7.106,54.0,0.816,0.304
Nigeria,2015,4.933,0.812,0.68,-0.035,0.926,8.615,48.5,0.717,0.251
Nigeria,2016,5.22,0.805,0.798,0.043,0.905,8.573,48.9,0.732,0.252
Nigeria,2017,5.322,0.733,0.826,0.124,0.835,8.555,49.3,0.725,0.236
Nigeria,2018,5.252,0.741,0.79,-0.01,0.866,8.548,49.7,0.805,0.256
Nigeria,2019,4.356,0.734,0.729,0.032,0.873,8.544,50.1,0.715,0.245
Nigeria,2020,5.503,0.739,0.713,0.099,0.913,8.484,50.5,0.744,0.316
North Cyprus,2015,5.843,0.791,0.785,,0.659,,,0.702,0.319
North Cyprus,2016,5.827,0.808,0.796,,0.67,,,0.644,0.346
North Cyprus,2018,5.608,0.837,0.797,,0.614,,,0.48,0.262
North Cyprus,2019,5.467,0.803,0.793,,0.64,,,0.494,0.296
North Macedonia,2015,4.976,0.766,0.66,-0.047,0.824,9.613,65.145,0.62,0.299
North Macedonia,2016,5.346,0.871,0.706,0.08,0.87,9.64,65.225,0.639,0.292
North Macedonia,2017,5.234,0.8,0.752,-0.059,0.856,9.65,65.303,0.502,0.299
North Macedonia,2018,5.24,0.849,0.745,-0.041,0.91,9.677,65.389,0.59,0.298
North Macedonia,2019,5.015,0.815,0.725,0.024,0.923,9.711,65.474,0.576,0.304
North Macedonia,2020,5.054,0.75,0.787,0.131,0.877,9.69,65.56,0.605,0.365
Norway,2015,7.603,0.947,0.948,0.257,0.299,11.033,72.9,0.843,0.209
Norway,2016,7.596,0.96,0.954,0.133,0.41,11.035,73.0,0.85,0.209
Norway,2017,7.579,0.95,0.953,0.236,0.25,11.05,73.1,0.849,0.203
Norway,2018,7.444,0.966,0.96,0.094,0.268,11.056,73.2,0.827,0.212
Norway,2019,7.442,0.942,0.954,0.111,0.271,11.061,73.3,0.823,0.195
Norway,2020,7.29,0.956,0.965,0.075,0.271,11.042,73.4,0.823,0.216
Pakistan,2015,4.823,0.562,0.587,0.085,0.717,8.361,57.3,0.575,0.329
Pakistan,2016,5.549,0.627,0.634,0.095,0.793,8.394,57.7,0.648,0.332
Pakistan,2017,5.831,0.69,0.713,0.045,0.714,8.428,58.1,0.586,0.308
Pakistan,2018,5.472,0.685,0.773,0.069,0.799,8.464,58.5,0.567,0.377
Pakistan,2019,4.443,0.617,0.685,0.124,0.776,8.453,58.9,0.581,0.424
Palestinian Territories,2015,4.695,0.766,0.556,-0.153,0.774,8.48,,0.594,0.369
Palestinian Territories,2016,4.907,0.818,0.608,-0.129,0.812,8.498,,0.593,0.378
Palestinian Territories,2017,4.628,0.824,0.632,-0.163,0.831,8.485,,0.597,0.416
Palestinian Territories,2018,4.554,0.819,0.655,,0.814,,,0.61,0.419
Palestinian Territories,2019,4.483,0.833,0.653,,0.829,,,0.625,0.4
Panama,2015,6.606,0.883,0.847,-0.007,0.81,10.255,69.3,0.801,0.264
Panama,2016,6.118,0.882,0.884,-0.102,0.837,10.287,69.4,0.858,0.244
Panama,2017,6.568,0.912,0.9,-0.17,0.841,10.324,69.5,0.833,0.242
Panama,2018,6.281,0.904,0.861,-0.131,0.837,10.343,69.6,0.884,0.223
Panama,2019,6.086,0.886,0.883,-0.199,0.869,10.356,69.7,0.878,0.244
Paraguay,2015,5.56,0.914,0.806,-0.008,0.863,9.377,65.1,0.866,0.219
Paraguay,2016,5.801,0.94,0.854,-0.071,0.756,9.406,65.3,0.925,0.197
Paraguay,2017,5.713,0.902,0.891,0.003,0.81,9.441,65.5,0.903,0.232
Paraguay,2019,5.653,0.892,0.876,0.028,0.882,9.448,65.9,0.858,0.275
Peru,2015,5.577,0.798,0.802,-0.09,0.884,9.402,67.2,0.754,0.378
Peru,2016,5.701,0.803,0.83,-0.134,0.866,9.426,67.5,0.822,0.338
Peru,2017,5.711,0.83,0.827,-0.154,0.895,9.434,67.8,0.789,0.394
Peru,2018,5.68,0.845,0.83,-0.178,0.906,9.456,68.1,0.809,0.38
Peru,2019,5.999,0.809,0.815,-0.13,0.874,9.461,68.4,0.82,0.375
Philippines,2015,5.547,0.854,0.912,-0.051,0.755,8.896,61.6,0.805,0.351
Philippines,2016,5.431,0.821,0.908,-0.071,0.792,8.95,61.7,0.821,0.29
Philippines,2017,5.594,0.851,0.926,-0.141,0.711,9.002,61.8,0.769,0.341
Philippines,2018,5.869,0.846,0.918,-0.108,0.726,9.05,61.9,0.773,0.393
Philippines,2019,6.268,0.845,0.91,-0.083,0.748,9.095,62.0,0.781,0.341
Philippines,2020,5.08,0.781,0.932,-0.116,0.744,9.061,62.1,0.804,0.327
Poland,2015,6.007,0.893,0.793,-0.093,0.81,10.235,68.1,0.734,0.24
Poland,2016,6.162,0.917,0.871,-0.091,0.848,10.266,68.5,0.777,0.224
Poland,2017,6.201,0.882,0.831,-0.122,0.639,10.314,68.9,0.677,0.203
Poland,2018,6.111,0.863,0.87,-0.254,0.72,10.366,69.3,0.742,0.176
Poland,2019,6.242,0.878,0.883,-0.231,0.696,10.407,69.7,0.725,0.168
Poland,2020,6.139,0.953,0.767,-0.007,0.787,10.371,70.1,0.76,0.329
Portugal,2015,5.081,0.866,0.8,-0.163,0.941,10.347,71.8,0.657,0.371
Portugal,2016,5.447,0.905,0.838,-0.225,0.922,10.37,72.0,0.684,0.326
Portugal,2017,5.711,0.9,0.905,-0.176,0.881,10.407,72.2,0.649,0.294
Portugal,2018,5.92,0.887,0.877,-0.261,0.88,10.434,72.4,0.679,0.318
Portugal,2019,6.095,0.876,0.882,-0.234,0.915,10.457,72.6,0.71,0.3
Portugal,2020,5.768,0.875,0.913,-0.238,0.867,10.371,72.8,0.648,0.383
Qatar,2015,6.375,,,,,11.486,68.3,,
Romania,2015,5.777,0.787,0.796,-0.141,0.962,10.083,66.3,0.714,0.312
Romania,2016,5.969,0.809,0.822,-0.115,0.949,10.136,66.6,0.694,0.258
Romania,2017,6.09,0.811,0.839,-0.16,0.926,10.211,66.9,0.734,0.231
Romania,2018,6.151,0.818,0.845,-0.217,0.921,10.26,67.2,0.735,0.298
Romania,2019,6.13,0.842,0.848,-0.221,0.954,10.306,67.5,0.697,0.244
Russia,2015,5.996,0.924,0.685,-0.171,0.913,10.149,63.1,0.679,0.13
Russia,2016,5.855,0.911,0.714,-0.181,0.925,10.149,63.5,0.636,0.142
Russia,2017,5.579,0.896,0.731,-0.145,0.862,10.166,63.9,0.71,0.195
Russia,2018,5.514,0.909,0.729,-0.147,0.865,10.191,64.3,0.673,0.199
Russia,2019,5.441,0.91,0.715,-0.116,0.848,10.205,64.7,0.691,0.2
Russia,2020,5.495,0.887,0.714,-0.071,0.823,10.162,65.1,0.645,0.19
Rwanda,2015,3.483,0.678,0.908,0.025,0.095,7.544,59.3,0.721,0.206
Rwanda,2016,3.333,0.665,0.911,0.025,0.159,7.576,59.9,0.752,0.285
Rwanda,2017,3.108,0.517,0.908,0.051,0.214,7.588,60.5,0.762,0.358
Rwanda,2018,3.561,0.616,0.924,0.057,0.164,7.644,61.1,0.793,0.308
Rwanda,2019,3.268,0.489,0.869,0.064,0.168,7.708,61.7,0.736,0.418
Saudi Arabia,2015,6.345,0.82,0.82,-0.045,,10.798,65.4,0.724,0.327
Saudi Arabia,2016,6.474,0.89,0.774,-0.132,,10.792,65.7,0.793,0.266
Saudi Arabia,2017,6.294,0.84,0.814,-0.131,,10.764,66.0,0.775,0.306
Saudi Arabia,2018,6.356,0.868,0.855,-0.192,,10.771,66.3,0.764,0.288
Saudi Arabia,2019,6.561,0.912,0.891,-0.147,,10.757,66.6,0.732,0.238
Saudi Arabia,2020,6.56,0.89,0.884,-0.111,,10.701,66.9,0.754,0.251
Senegal,2015,4.617,0.702,0.72,-0.111,0.765,7.995,58.4,0.711,0.208
Senegal,2016,4.595,0.839,0.744,-0.086,0.794,8.029,58.8,0.784,0.245
Senegal,2017,4.683,0.744,0.687,-0.044,0.825,8.072,59.2,0.746,0.291
Senegal,2018,4.769,0.739,0.629,-0.074,0.805,8.106,59.6,0.714,0.247
Senegal,2019,5.489,0.688,0.759,-0.019,0.796,8.13,60.0,0.789,0.332
Serbia,2015,5.318,0.816,0.546,-0.062,0.859,9.649,67.0,0.496,0.303
Serbia,2016,5.753,0.895,0.614,-0.068,0.89,9.688,67.4,0.535,0.298
Serbia,2017,5.122,0.884,0.685,-0.077,0.851,9.713,67.8,0.51,0.326
Serbia,2018,5.936,0.853,0.74,-0.1,0.864,9.762,68.2,0.559,0.296
Serbia,2019,6.241,0.903,0.753,-0.04,0.813,9.808,68.6,0.509,0.242
Serbia,2020,6.042,0.852,0.843,0.149,0.824,9.788,69.0,0.603,0.358
Sierra Leone,2015,4.909,0.611,0.624,0.05,0.825,7.347,46.0,0.625,0.414
Sierra Leone,2016,4.733,0.657,0.681,0.106,0.863,7.384,47.6,0.584,0.456
Sierra Leone,2017,4.09,0.652,0.711,0.079,0.848,7.404,49.2,0.6,0.495
Sierra Leone,2018,4.306,0.65,0.716,0.095,0.856,7.417,50.8,0.552,0.466
Sierra Leone,2019,3.447,0.611,0.718,0.074,0.874,7.449,52.4,0.513,0.438
Singapore,2015,6.62,0.866,0.887,0.15,0.099,11.4,75.9,0.803,0.142
Singapore,2016,6.033,0.925,0.904,0.143,0.047,11.419,76.2,0.824,0.111
Singapore,2017,6.378,0.897,0.926,0.136,0.162,11.461,76.5,0.8,0.179
Singapore,2018,6.375,0.903,0.916,-0.066,0.097,11.49,76.8,0.787,0.107
Singapore,2019,6.378,0.925,0.938,0.027,0.07,11.486,77.1,0.723,0.138
Slovakia,2015,6.162,0.943,0.587,-0.128,0.928,10.291,68.0,0.714,0.269
Slovakia,2016,5.993,0.945,0.7,-0.061,0.917,10.31,68.3,0.774,0.232
Slovakia,2017,6.366,0.913,0.714,-0.055,0.92,10.339,68.6,0.788,0.213
Slovakia,2018,6.235,0.922,0.758,-0.167,0.91,10.376,68.9,0.754,0.253
Slovakia,2019,6.243,0.933,0.771,-0.129,0.926,10.398,69.2,0.75,0.252
Slovakia,2020,6.519,0.954,0.762,-0.075,0.901,10.332,69.5,0.764,0.274
Slovenia,2015,5.741,0.901,0.896,0.008,0.892,10.433,70.2,0.659,0.261
Slovenia,2016,5.937,0.934,0.904,-0.055,0.838,10.463,70.5,0.626,0.272
Slovenia,2017,6.167,0.928,0.921,-0.025,0.829,10.509,70.8,0.615,0.286
Slovenia,2018,6.249,0.941,0.942,-0.119,0.839,10.546,71.1,0.644,0.275
Slovenia,2019,6.665,0.949,0.945,-0.102,0.785,10.563,71.4,0.679,0.228
Slovenia,2020,6.462,0.953,0.958,-0.081,0.797,10.478,71.7,0.61,0.314
Somalia,2015,5.354,0.599,0.968,,0.41,,50.1,0.901,0.187
Somalia,2016,4.668,0.594,0.917,,0.441,,50.0,0.891,0.193
South Africa,2015,4.887,0.898,0.862,-0.127,0.853,9.46,55.3,0.781,0.161
South Africa,2016,4.77,0.875,0.774,-0.07,0.813,9.45,55.7,0.786,0.301
South Africa,2017,4.514,0.87,0.787,-0.129,0.865,9.45,56.1,0.785,0.268
South Africa,2018,4.884,0.841,0.753,-0.05,0.841,9.444,56.5,0.812,0.283
South Africa,2019,5.035,0.848,0.738,-0.134,0.82,9.432,56.9,0.801,0.268
South Africa,2020,4.947,0.891,0.757,-0.015,0.912,9.332,57.3,0.82,0.294
South Korea,2015,5.78,0.768,0.616,-0.036,0.841,10.568,72.7,0.65,0.244
South Korea,2016,5.971,0.811,0.591,0.026,0.862,10.593,73.0,0.676,0.233
South Korea,2017,5.874,0.807,0.538,0.014,0.851,10.621,73.3,0.623,0.235
South Korea,2018,5.84,0.798,0.6,-0.089,0.797,10.643,73.6,0.661,0.217
South Korea,2019,5.903,0.783,0.706,-0.055,0.718,10.661,73.9,0.684,0.236
South Korea,2020,5.793,0.808,0.711,-0.106,0.665,10.648,74.2,0.64,0.247
South Sudan,2015,4.071,0.585,0.512,,0.71,,50.2,0.586,0.45
South Sudan,2016,2.888,0.532,0.44,,0.785,,50.6,0.615,0.549
South Sudan,2017,2.817,0.557,0.456,,0.761,,51.0,0.586,0.517
Spain,2015,6.381,0.956,0.732,-0.072,0.822,10.531,73.5,0.732,0.285
Spain,2016,6.319,0.942,0.768,-0.048,0.819,10.56,73.8,0.653,0.301
Spain,2017,6.23,0.903,0.756,-0.032,0.791,10.586,74.1,0.625,0.302
Spain,2018,6.513,0.91,0.722,-0.075,0.777,10.605,74.4,0.659,0.357
Spain,2019,6.457,0.949,0.778,-0.049,0.73,10.618,74.7,0.663,0.316
Spain,2020,6.502,0.935,0.783,-0.121,0.73,10.488,75.0,0.686,0.317
Sri Lanka,2015,4.612,0.863,0.902,0.319,0.859,9.383,66.6,0.848,0.235
Sri Lanka,2017,4.331,0.823,0.827,0.094,0.844,9.44,67.0,0.795,0.27
Sri Lanka,2018,4.435,0.833,0.859,0.106,0.856,9.462,67.2,0.831,0.302
Sri Lanka,2019,4.213,0.815,0.824,0.051,0.863,9.479,67.4,0.816,0.315
Swaziland,2018,4.212,0.779,0.71,-0.178,0.692,9.06,50.353,0.824,0.252
Swaziland,2019,4.396,0.759,0.597,-0.191,0.724,9.07,51.27,0.778,0.28
Sweden,2015,7.289,0.929,0.935,0.211,0.232,10.853,72.3,0.818,0.191
Sweden,2016,7.369,0.912,0.918,0.146,0.246,10.861,72.4,0.816,0.201
Sweden,2017,7.287,0.914,0.935,0.17,0.239,10.873,72.5,0.814,0.175
Sweden,2018,7.375,0.931,0.942,0.077,0.263,10.881,72.6,0.823,0.161
Sweden,2019,7.398,0.934,0.942,0.091,0.25,10.882,72.7,0.826,0.202
Sweden,2020,7.314,0.936,0.951,0.091,0.203,10.838,72.8,0.766,0.222
Switzerland,2015,7.572,0.938,0.928,0.109,0.21,11.1,73.2,0.809,0.166
Switzerland,2016,7.459,0.928,0.934,0.088,0.302,11.106,73.5,0.779,0.206
Switzerland,2017,7.474,0.95,0.925,0.18,0.316,11.115,73.8,0.774,0.196
Switzerland,2018,7.509,0.93,0.926,0.101,0.301,11.134,74.1,0.792,0.192
Switzerland,2019,7.694,0.949,0.913,0.036,0.294,11.136,74.4,0.798,0.171
Switzerland,2020,7.508,0.946,0.917,-0.064,0.28,11.081,74.7,0.769,0.193
Syria,2015,3.462,0.464,0.448,0.045,0.685,8.442,55.2,0.369,0.643
Taiwan Province of China,2015,6.45,0.885,0.701,0.019,0.857,10.842,,0.832,0.129
Taiwan Province of China,2016,6.513,0.895,0.719,-0.049,0.811,10.855,,0.833,0.108
Taiwan Province of China,2017,6.359,0.891,0.76,-0.07,0.743,10.871,,0.837,0.114
Taiwan Province of China,2018,6.467,0.896,0.741,,0.736,,,0.848,0.093
Taiwan Province of China,2019,6.537,0.893,0.814,,0.718,,,0.86,0.093
Taiwan Province of China,2020,6.751,0.901,0.799,,0.711,,,0.845,0.083
Tajikistan,2015,5.124,0.844,0.847,0.022,0.742,7.945,63.2,0.689,0.196
Tajikistan,2016,5.104,0.857,0.703,0.01,0.632,7.987,63.5,0.644,0.22
Tajikistan,2017,5.829,0.663,0.832,0.124,0.718,8.036,63.8,0.603,0.278
Tajikistan,2018,5.497,0.875,,-0.065,0.578,8.082,64.1,0.695,0.22
Tajikistan,2019,5.464,0.88,,-0.045,0.49,8.126,64.4,0.729,0.178
Tajikistan,2020,5.373,0.79,,-0.04,0.55,8.08,64.7,0.749,0.344
Tanzania,2015,3.661,0.79,0.759,0.149,0.906,7.764,56.0,0.619,0.192
Tanzania,2016,2.903,0.638,0.775,0.179,0.739,7.8,56.5,0.694,0.246
Tanzania,2017,3.347,0.705,0.8,0.116,0.654,7.836,57.0,0.715,0.255
Tanzania,2018,3.445,0.675,0.807,0.153,0.612,7.859,57.5,0.762,0.221
Tanzania,2019,3.64,0.687,0.85,0.1,0.589,7.886,58.0,0.726,0.243
Tanzania,2020,3.786,0.74,0.83,0.295,0.521,7.881,58.5,0.686,0.271
Thailand,2015,6.202,0.866,0.885,0.316,0.914,9.699,66.6,0.91,0.174
Thailand,2016,6.074,0.908,0.924,0.356,0.878,9.729,66.8,0.835,0.218
Thailand,2017,5.939,0.877,0.923,0.212,0.884,9.765,67.0,0.816,0.232
Thailand,2018,6.012,0.873,0.905,0.259,0.907,9.803,67.2,0.843,0.198
Thailand,2019,6.022,0.903,0.898,0.309,0.877,9.824,67.4,0.843,0.208
Thailand,2020,5.885,0.867,0.84,0.273,0.918,9.769,67.6,0.783,0.326
Togo,2015,3.768,0.479,0.772,-0.069,0.733,7.277,53.5,0.599,0.416
Togo,2016,3.879,0.509,0.73,-0.007,0.815,7.306,53.9,0.604,0.483
Togo,2017,4.361,0.508,0.717,-0.042,0.726,7.324,54.3,0.614,0.426
Togo,2018,4.023,0.596,0.612,-0.007,0.809,7.348,54.7,0.608,0.446
Togo,2019,4.179,0.539,0.617,0.065,0.737,7.375,55.1,0.59,0.444
Trinidad and Tobago,2017,6.192,0.916,0.859,0.015,0.911,10.183,63.5,0.846,0.248
Tunisia,2015,5.132,0.609,0.711,-0.226,0.815,9.261,66.0,0.573,0.32
Tunisia,2016,4.521,0.702,0.614,-0.165,0.811,9.262,66.3,0.612,0.378
Tunisia,2017,4.124,0.717,0.478,-0.219,0.869,9.269,66.6,0.421,0.377
Tunisia,2018,4.741,0.733,0.65,-0.191,0.84,9.284,66.9,0.592,0.365
Tunisia,2019,4.315,0.61,0.659,-0.209,0.889,9.283,67.2,0.539,0.433
Tunisia,2020,4.731,0.719,0.668,-0.202,0.877,9.231,67.5,0.585,0.439
Turkey,2015,5.514,0.851,0.653,-0.016,0.806,10.166,65.6,0.46,0.382
Turkey,2016,5.326,0.88,0.644,-0.065,0.764,10.181,66.0,0.465,0.39
Turkey,2017,5.607,0.876,0.644,-0.237,0.671,10.238,66.4,0.45,0.313
Turkey,2018,5.186,0.847,0.529,-0.176,0.805,10.251,66.8,0.435,0.351
Turkey,2019,4.872,0.792,0.631,-0.136,0.76,10.246,67.2,0.422,0.368
Turkey,2020,4.862,0.857,0.51,-0.111,0.774,10.219,67.6,0.384,0.44
Turkmenistan,2015,5.791,0.96,0.701,0.093,,9.472,61.0,0.705,0.301
Turkmenistan,2016,5.887,0.929,0.749,0.005,,9.515,61.4,0.636,0.255
Turkmenistan,2017,5.229,0.908,0.72,0.066,,9.561,61.8,0.521,0.35
Turkmenistan,2018,4.621,0.984,0.858,0.26,,9.605,62.2,0.612,0.189
Turkmenistan,2019,5.474,0.982,0.892,0.285,,9.651,62.6,0.51,0.183
Uganda,2015,4.238,0.747,0.758,0.135,0.873,7.627,54.5,0.703,0.353
Uganda,2016,4.233,0.754,0.739,0.132,0.811,7.637,54.9,0.668,0.41
Uganda,2017,4.001,0.74,0.772,0.06,0.816,7.638,55.3,0.703,0.4
Uganda,2018,4.322,0.74,0.729,0.079,0.856,7.66,55.7,0.685,0.39
Uganda,2019,4.948,0.805,0.704,0.139,0.826,7.688,56.1,0.693,0.385
Uganda,2020,4.641,0.8,0.687,0.147,0.878,7.684,56.5,0.699,0.425
Ukraine,2015,3.965,0.909,0.431,-0.033,0.952,9.327,63.7,0.574,0.241
Ukraine,2016,4.029,0.885,0.503,0.011,0.891,9.353,64.0,0.589,0.22
Ukraine,2017,4.311,0.858,0.599,-0.002,0.937,9.382,64.3,0.597,0.235
Ukraine,2018,4.662,0.901,0.663,-0.074,0.943,9.42,64.6,0.609,0.222
Ukraine,2019,4.702,0.883,0.715,-0.081,0.885,9.458,64.9,0.634,0.201
Ukraine,2020,5.27,0.885,0.784,0.126,0.946,9.428,65.2,0.688,0.285
United Arab Emirates,2015,6.568,0.824,0.915,0.201,,11.086,66.5,0.761,0.296
United Arab Emirates,2016,6.831,0.849,0.949,0.131,,11.105,66.7,0.775,0.245
United Arab Emirates,2017,7.039,0.836,0.962,0.216,,11.115,66.9,0.795,0.208
United Arab Emirates,2018,6.604,0.851,0.944,0.054,,11.112,67.1,0.787,0.302
United Arab Emirates,2019,6.711,0.862,0.911,0.129,,11.114,67.3,0.793,0.284
United Arab Emirates,2020,6.458,0.827,0.942,0.06,,11.053,67.5,0.752,0.298
United Kingdom,2015,6.515,0.936,0.833,0.3,0.456,10.712,71.7,0.798,0.219
United Kingdom,2016,6.824,0.954,0.821,0.25,0.458,10.724,71.9,0.776,0.23
United Kingdom,2017,7.103,0.937,0.813,0.291,0.419,10.736,72.1,0.759,0.21
United Kingdom,2018,7.233,0.928,0.838,0.226,0.404,10.743,72.3,0.783,0.228
United Kingdom,2019,7.157,0.943,0.854,0.271,0.485,10.751,72.5,0.775,0.251
United Kingdom,2020,6.798,0.929,0.885,0.203,0.49,10.626,72.7,0.758,0.225
United States,2015,6.864,0.904,0.849,0.219,0.698,10.977,68.6,0.814,0.275
United States,2016,6.804,0.897,0.758,0.144,0.739,10.986,68.5,0.806,0.264
United States,2017,6.992,0.921,0.868,0.197,0.681,11.001,68.4,0.827,0.268
United States,2018,6.883,0.904,0.825,0.116,0.71,11.025,68.3,0.815,0.292
United States,2019,6.944,0.917,0.836,0.144,0.707,11.043,68.2,0.815,0.244
United States,2020,7.028,0.937,0.85,0.034,0.678,11.001,68.1,0.787,0.295
Uruguay,2015,6.628,0.891,0.917,-0.032,0.673,9.932,68.7,0.893,0.3
Uruguay,2016,6.171,0.9,0.886,-0.072,0.676,9.946,68.8,0.842,0.283
Uruguay,2017,6.336,0.914,0.898,-0.091,0.627,9.968,68.9,0.836,0.28
Uruguay,2018,6.372,0.917,0.876,-0.097,0.683,9.98,69.0,0.877,0.275
Uruguay,2019,6.6,0.933,0.903,-0.095,0.599,9.979,69.1,0.889,0.222
Uruguay,2020,6.31,0.921,0.908,-0.084,0.491,9.937,69.2,0.807,0.265
Uzbekistan,2015,5.972,0.968,0.98,0.375,0.471,8.714,64.2,0.84,0.103
Uzbekistan,2016,5.893,0.945,0.984,0.208,,8.756,64.5,0.842,0.147
Uzbekistan,2017,6.421,0.942,0.985,0.123,0.465,8.782,64.8,0.839,0.203
Uzbekistan,2018,6.205,0.921,0.97,0.318,0.52,8.818,65.1,0.825,0.209
Uzbekistan,2019,6.154,0.915,0.97,0.304,0.511,8.853,65.4,0.845,0.22
Venezuela,2015,5.569,0.911,0.512,-0.117,0.813,9.001,65.9,0.867,0.223
Venezuela,2016,4.041,0.902,0.458,-0.155,0.89,9.01,66.1,0.688,0.392
Venezuela,2017,5.071,0.896,0.636,-0.169,0.844,9.073,66.3,0.726,0.363
Venezuela,2018,5.006,0.887,0.611,,0.828,,66.5,0.759,0.374
Venezuela,2019,5.081,0.888,0.626,,0.839,,66.7,0.761,0.351
Venezuela,2020,4.574,0.805,0.612,,0.811,,66.9,0.722,0.396
Vietnam,2015,5.076,0.849,,0.086,,8.77,67.3,0.642,0.232
Vietnam,2016,5.062,0.876,0.894,-0.09,0.799,8.82,67.5,0.536,0.223
Vietnam,2017,5.175,,,,,8.876,67.7,,
Vietnam,2018,5.296,0.832,0.909,-0.041,0.808,8.934,67.9,0.692,0.191
Vietnam,2019,5.467,0.848,0.952,-0.126,0.788,8.992,68.1,0.751,0.186
Yemen,2015,2.983,0.669,0.61,-0.139,0.829,7.858,54.3,0.507,0.321
Yemen,2016,3.826,0.775,0.533,-0.151,,7.715,55.1,0.469,0.228
Yemen,2017,3.254,0.79,0.595,-0.147,,7.578,55.9,0.455,0.295
Yemen,2018,3.058,0.789,0.553,,0.793,,56.7,0.461,0.315
Yemen,2019,4.197,0.87,0.651,,0.798,,57.5,0.543,0.213
Zambia,2015,4.843,0.691,0.759,-0.039,0.871,8.144,53.8,0.69,0.382
Zambia,2016,4.348,0.767,0.812,0.122,0.771,8.151,54.3,0.731,0.372
Zambia,2017,3.933,0.744,0.823,0.14,0.74,8.156,54.8,0.685,0.387
Zambia,2018,4.041,0.718,0.791,0.048,0.811,8.167,55.3,0.703,0.351
Zambia,2019,3.307,0.638,0.811,0.077,0.832,8.155,55.8,0.743,0.394
Zambia,2020,4.838,0.767,0.75,0.056,0.81,8.117,56.3,0.691,0.345
Zimbabwe,2015,3.703,0.736,0.667,-0.123,0.81,7.992,53.8,0.715,0.179
Zimbabwe,2016,3.735,0.768,0.733,-0.095,0.724,7.984,54.4,0.738,0.209
Zimbabwe,2017,3.638,0.754,0.753,-0.098,0.751,8.016,55.0,0.806,0.224
Zimbabwe,2018,3.616,0.775,0.763,-0.068,0.844,8.049,55.6,0.71,0.212
Zimbabwe,2019,2.694,0.759,0.632,-0.064,0.831,7.95,56.2,0.716,0.235
Zimbabwe,2020,3.16,0.717,0.643,-0.009,0.789,7.829,56.8,0.703,0.346
