country_code,year,inflation
AFE,2024,4.48978854243448
AFE,2023,7.39918558080627
AFE,2022,10.8834775726018
AFE,2021,6.82472709282067
AFE,2020,5.19162942092851
AFE,2019,4.10285075461156
AFE,2018,4.6898064677633
AFE,2017,6.22137528933118
AFE,2016,6.44687722255584
AFE,2015,5.09856164363687
AFW,2024,3.60804426950566
AFW,2023,5.22116801324002
AFW,2022,7.94925143524016
AFW,2021,3.74556782333009
AFW,2020,2.49037783931949
AFW,2019,1.98309228487232
AFW,2018,1.78404994832044
AFW,2017,1.72548602374731
AFW,2016,1.48741550755546
AFW,2015,2.13081738058791
ARB,2024,2.10135577419612
ARB,2023,4.00025877060147
ARB,2022,5.17980847967061
ARB,2021,2.86833027751019
ARB,2020,1.44703656998741
ARB,2019,1.33601568147656
ARB,2018,2.30874696703938
ARB,2017,2.06932928164424
ARB,2016,2.36503123461077
ARB,2015,1.83135233156369
CSS,2024,2.56921890367726
CSS,2023,4.47720868651285
CSS,2022,5.82838638517959
CSS,2021,2.22891330700344
CSS,2020,0.121434644614894
CSS,2019,1.00054293027237
CSS,2018,1.20715793367008
CSS,2017,1.6992957045984
CSS,2016,0.402621696824957
CSS,2015,-0.852705497033039
CEB,2024,2.75760909424272
CEB,2023,9.44284140088564
CEB,2022,14.6081439492433
CEB,2021,3.83984491500146
CEB,2020,1.67244096855756
CEB,2019,2.66456133425431
CEB,2018,2.53445424186598
CEB,2017,2.0759355367385
CEB,2016,-0.054999541670474
CEB,2015,-0.464499004644911
EAR,2024,3.29589662451998
EAR,2023,5.88585897042164
EAR,2022,7.19861615609867
EAR,2021,4.12676744440695
EAR,2020,2.96354992076065
EAR,2019,2.76252019386111
EAR,2018,3.97561015740694
EAR,2017,3.32817337461298
EAR,2016,3.52317317628473
EAR,2015,3.12900274473925
EAS,2024,2.3556272611928
EAS,2023,5.21536927681554
EAS,2022,5.34595440908904
EAS,2021,2.47710241465447
EAS,2020,0.846905537459305
EAS,2019,1.70397863236257
EAS,2018,2.368549058067
EAS,2017,1.80034222468621
EAS,2016,1.27699094497324
EAS,2015,0.795279630579839
EAP,2024,2.31848172887108
EAP,2023,5.97802515541409
EAP,2022,5.37734908193985
EAP,2021,2.69891859529198
EAP,2020,2.40629214387011
EAP,2019,1.94257500833107
EAP,2018,3.19834755924996
EAP,2017,2.91263557371478
EAP,2016,1.91731090233378
EAP,2015,1.22393195511119
TEA,2024,2.23172772921704
TEA,2023,6.16457747898299
TEA,2022,5.40874375479067
TEA,2021,2.6124818577648
TEA,2020,2.3931623931624
TEA,2019,1.93321335810515
TEA,2018,2.91740978470444
TEA,2017,2.88291164981213
TEA,2016,1.75711158908291
TEA,2015,1.08648629940414
EMU,2024,2.18497406958038
EMU,2023,5.78431554960862
EMU,2022,8.47117645590892
EMU,2021,2.4865043812082
EMU,2020,0.186938139702131
EMU,2019,1.44123966942341
EMU,2018,1.6892396580413
EMU,2017,1.37503641525339
EMU,2016,0.166009884375616
EMU,2015,-0.0852072296963751
ECS,2024,2.75760909424272
ECS,2023,7.120422120899
ECS,2022,11.1136121878761
ECS,2021,3.19017771027094
ECS,2020,1.19998396936028
ECS,2019,1.76373586528842
ECS,2018,2.01321972250337
ECS,2017,1.91558846458259
ECS,2016,0.388838296895799
ECS,2015,0.36804684232536
ECA,2024,3.48974086026947
ECA,2023,9.07365149809048
ECA,2022,13.8875841659221
ECA,2021,6.91756771076075
ECA,2020,2.74615078213777
ECA,2019,2.64328192719554
ECA,2018,2.56572880132719
ECA,2017,4.60357355778862
ECA,2016,2.13492713939121
ECA,2015,4.02768573742726
TEC,2024,3.63700046769908
TEC,2023,9.36187249769016
TEC,2022,13.8522590144267
TEC,2021,5.10641129002841
TEC,2020,2.73249209419427
TEC,2019,2.67599202639893
TEC,2018,2.611223782638
TEC,2017,3.13106248590115
TEC,2016,1.19887282892596
TEC,2015,3.86763469978395
EUU,2024,2.43531202435314
EUU,2023,6.29942487419125
EUU,2022,8.83369886749452
EUU,2021,2.55450699642041
EUU,2020,0.476498852725066
EUU,2019,1.63052260754344
EUU,2018,1.7386086198818
EUU,2017,1.42910743319306
EUU,2016,0.18333486112386
EUU,2015,-0.0616446800641672
FCS,2024,4.4275764904982
FCS,2023,7.11459205344455
FCS,2022,9.39075933985203
FCS,2021,4.25936417542868
FCS,2020,2.8981937602627
FCS,2019,2.45280214062732
FCS,2018,2.96760366004456
FCS,2017,4.18072331871267
FCS,2016,3.19056179723773
FCS,2015,2.676235314199
HPC,2024,4.56976223919357
HPC,2023,7.12697482131851
HPC,2022,9.65914753785069
HPC,2021,4.37012190478157
HPC,2020,3.47617372722194
HPC,2019,2.83514555687506
HPC,2018,3.01748181031406
HPC,2017,4.5783374121255
HPC,2016,4.38389195513915
HPC,2015,3.55075967356746
IBD,2024,3.48974086026947
IBD,2023,6.02663450060535
IBD,2022,9.10437983075437
IBD,2021,4.27166381536798
IBD,2020,2.41513094083414
IBD,2019,2.58405829251271
IBD,2018,3.22703471046143
IBD,2017,3.32389447576097
IBD,2016,2.12081713361588
IBD,2015,3.09551722027242
IBT,2024,3.62109273885843
IBT,2023,6.20657592272126
IBT,2022,8.81109209279587
IBT,2021,4.25936417542868
IBT,2020,2.8981937602627
IBT,2019,2.70590196327809
IBT,2018,3.13285375991676
IBT,2017,3.33787586109568
IBT,2016,2.81495791361944
IBT,2015,3.12900274473925
IDB,2024,3.45053028131019
IDB,2023,4.56457719814894
IDB,2022,6.32752007290448
IDB,2021,3.46677876951929
IDB,2020,2.1039488213608
IDB,2019,1.98958744120896
IDB,2018,2.48030843191907
IDB,2017,1.14765339305816
IDB,2016,1.65038994431573
IDB,2015,1.37488542621446
IDX,2024,4.19081721344523
IDX,2023,7.12142371831339
IDX,2022,9.57337118555953
IDX,2021,4.37012190478157
IDX,2020,3.94180326908065
IDX,2019,3.09342088075364
IDX,2018,3.01748181031406
IDX,2017,4.31421134623784
IDX,2016,3.74103082110771
IDX,2015,3.40274327737188
IDA,2024,3.92206330291068
IDA,2023,7.10220928557059
IDA,2022,8.21619710967436
IDA,2021,4.17270582217659
IDA,2020,3.47617372722194
IDA,2019,2.74447528387472
IDA,2018,2.84578376094084
IDA,2017,3.85067166284727
IDA,2016,3.21988689395718
IDA,2015,3.15783117980923
LTE,2024,2.90125149455067
LTE,2023,6.09114152504141
LTE,2022,8.64091108973855
LTE,2021,3.49505757399448
LTE,2020,1.93694126694223
LTE,2019,2.16176258133054
LTE,2018,2.47446347118434
LTE,2017,2.17727572689262
LTE,2016,1.10920805807027
LTE,2015,1.5579071134626
LCN,2024,3.46497037946077
LCN,2023,4.78561281021135
LCN,2022,7.71367726901419
LCN,2021,3.87805442411131
LCN,2020,1.49389017299587
LCN,2019,2.37167859363036
LCN,2018,2.37951733360489
LCN,2017,2.19201010962985
LCN,2016,1.65038994431573
LCN,2015,1.86148302863371
LAC,2024,3.83540271728533
LAC,2023,5.08677483158112
LAC,2022,8.33370630096231
LAC,2021,4.27166381536798
LAC,2020,2.52663500084706
LAC,2019,2.50460959460401
LAC,2018,3.40250179472038
LAC,2017,3.36296514855608
LAC,2016,2.77316004021475
LAC,2015,3.14341696227424
TLA,2024,3.62770736940927
TLA,2023,4.92637573192674
TLA,2022,7.8962761916855
TLA,2021,4.26105127422813
TLA,2020,1.76751592356698
TLA,2019,2.09604635327807
TLA,2018,2.32414485367921
TLA,2017,2.8227580554717
TLA,2016,2.53781710390567
TLA,2015,2.92482169718974
LDC,2024,4.50346801326901
LDC,2023,7.12697482131851
LDC,2022,9.45801281304023
LDC,2021,4.15649125482107
LDC,2020,4.33296874711709
LDC,2019,3.32255881256925
LDC,2018,3.46147484973729
LDC,2017,4.5725365531752
LDC,2016,5.34414600997244
LDC,2015,3.40274327737188
LMY,2024,3.6966328135552
LMY,2023,6.20657592272126
LMY,2022,8.48730869535043
LMY,2021,4.22278962033194
LMY,2020,2.99313555869912
LMY,2019,2.75980873474443
LMY,2018,3.23929245939142
LMY,2017,3.63473722012434
LMY,2016,2.95249541214558
LMY,2015,3.16346457365876
MEA,2024,2.07655387954199
MEA,2023,4.22522603168918
MEA,2022,5.17980847967061
MEA,2021,2.86833027751019
MEA,2020,1.44703656998741
MEA,2019,1.33601568147656
MEA,2018,1.94579304594437
MEA,2017,2.06932928164424
MEA,2016,2.70750189418473
MEA,2015,1.6859921764201
MNA,2024,4.04611455313434
MNA,2023,6.09114152504141
MNA,2022,8.30646124447623
MNA,2021,5.21404940513043
MNA,2020,2.41513094083414
MNA,2019,2.65388100453608
MNA,2018,4.36615064471282
MNA,2017,4.64865184428512
MNA,2016,3.69725926870481
MNA,2015,2.04361764300244
TMN,2024,3.0861361109923
TMN,2023,7.70665764216232
TMN,2022,8.78598837999588
TMN,2021,5.46019980671871
TMN,2020,3.73003191530476
TMN,2019,3.00538949390383
TMN,2018,4.46231108475481
TMN,2017,4.97595150553833
TMN,2016,3.7651191635658
TMN,2015,2.52932817254229
MIC,2024,3.6045220384796
MIC,2023,6.1059011284828
MIC,2022,8.30646124447623
MIC,2021,4.12676744440695
MIC,2020,2.73249209419427
MIC,2019,2.74176382475804
MIC,2018,3.35102208952149
MIC,2017,3.33787586109568
MIC,2016,2.72461223295289
MIC,2015,3.12900274473925
NAC,2024,2.6655545188319
NAC,2023,3.99766999081457
NAC,2022,7.40280048696867
NAC,2021,4.04652602445635
NAC,2020,0.97529201430706
NAC,2019,1.88073954968807
NAC,2018,2.3554044847046
NAC,2017,1.86349706609469
NAC,2016,1.34517137635811
NAC,2015,0.621934248247613
OED,2024,2.76589367979522
OED,2023,5.67767862615429
OED,2022,8.23803240697186
OED,2021,2.81528854435832
OED,2020,0.73285164517586
OED,2019,1.74071267870181
OED,2018,1.9324681228636
OED,2017,1.82264336059063
OED,2016,0.443258157565783
OED,2015,0.338705695410168
OSS,2024,2.06969770479834
OSS,2023,5.51293808804143
OSS,2022,7.46811935414937
OSS,2021,2.4284453278932
OSS,2020,0.712593443137932
OSS,2019,1.6420600176894
OSS,2018,2.611223782638
OSS,2017,1.76041559180596
OSS,2016,0.642702771527304
OSS,2015,0.953206658777607
PSS,2024,2.8195484170954
PSS,2023,7.92164684826777
PSS,2022,6.09871755232029
PSS,2021,2.47788271992717
PSS,2020,0.386388224517504
PSS,2019,1.40719939417024
PSS,2018,2.89621932270298
PSS,2017,1.58394248575812
PSS,2016,1.07339388853343
PSS,2015,0.648242939254492
PST,2024,2.44091572720697
PST,2023,5.09396758978883
PST,2022,7.87737003690613
PST,2021,2.50835221473776
PST,2020,0.632267331911716
PST,2019,1.61963190184048
PST,2018,1.7386086198818
PST,2017,1.73079959118887
PST,2016,0.607397074641719
PST,2015,0.36804684232536
PRE,2024,4.13469278078273
PRE,2023,7.10220928557059
PRE,2022,8.77567482988523
PRE,2021,4.22278962033194
PRE,2020,3.39862928518853
PRE,2019,2.56908784664759
PRE,2018,2.80203783510174
PRE,2017,4.5783374121255
PRE,2016,4.38389195513915
PRE,2015,3.25472688117631
SST,2024,2.45545072159028
SST,2023,5.08677483158112
SST,2022,6.15375621933037
SST,2021,2.41070312174393
SST,2020,0.598986330824643
SST,2019,1.30544966502392
SST,2018,2.13062774274025
SST,2017,1.74989677484705
SST,2016,0.644075340346552
SST,2015,0.552796026277853
SAS,2024,3.72320611944934
SAS,2023,6.38250790219375
SAS,2022,7.18461996730066
SAS,2021,5.33853088974921
SAS,2020,5.6602199868936
SAS,2019,3.6289496588547
SAS,2018,3.33139516437672
SAS,2017,4.14162852223214
SAS,2016,4.45355240327605
SAS,2015,4.72755869604731
TSA,2024,3.72320611944934
TSA,2023,6.38250790219375
TSA,2022,7.18461996730066
TSA,2021,5.33853088974921
TSA,2020,5.6602199868936
TSA,2019,3.6289496588547
TSA,2018,3.33139516437672
TSA,2017,4.14162852223214
TSA,2016,4.45355240327605
TSA,2015,4.72755869604731
SSF,2024,4.23903922877036
SSF,2023,6.69759990789845
SSF,2022,9.45801281304023
SSF,2021,4.43905481215002
SSF,2020,3.39862928518853
SSF,2019,2.867588034469
SSF,2018,3.91133439990729
SSF,2017,5.18618655524149
SSF,2016,5.30264297710325
SSF,2015,3.47238752883652
SSA,2024,4.23903922877036
SSA,2023,6.69759990789845
SSA,2022,9.45801281304023
SSA,2021,4.22278962033194
SSA,2020,3.39862928518853
SSA,2019,2.867588034469
SSA,2018,3.91133439990729
SSA,2017,5.18618655524149
SSA,2016,5.30264297710325
SSA,2015,3.32437113264095
TSS,2024,4.23903922877036
TSS,2023,6.69759990789845
TSS,2022,9.45801281304023
TSS,2021,4.43905481215002
TSS,2020,3.39862928518853
TSS,2019,2.867588034469
TSS,2018,3.91133439990729
TSS,2017,5.18618655524149
TSS,2016,5.30264297710325
TSS,2015,3.47238752883652
WLD,2024,2.97200477643618
WLD,2023,5.87010268787553
WLD,2022,7.98518671835033
WLD,2021,3.4754032028988
WLD,2020,1.90509722047501
WLD,2019,2.227478809383
WLD,2018,2.44258329692817
WLD,2017,2.22314331448899
WLD,2016,1.59691227583204
WLD,2015,1.43702380935655
AFG,2024,-6.60118564073726
AFG,2023,-4.64470870797775
AFG,2022,13.7121023720065
AFG,2021,5.13320340824963
AFG,2020,5.60188791482224
AFG,2019,2.30237251516834
AFG,2018,0.626149149168847
AFG,2017,4.97595150553833
AFG,2016,4.38389195513915
AFG,2015,-0.661709164713742
