country_code,year,life_expectancy
AFE,2023,65.1461543479959
AFE,2022,64.4870195456608
AFE,2021,62.9799991857494
AFE,2020,63.7664840026943
AFE,2019,63.8572612837043
AFE,2018,63.3306913582336
AFE,2017,62.5912750961501
AFE,2016,62.1679813169199
AFE,2015,61.713030523495
AFW,2023,58.8557215483276
AFW,2022,57.9878133945189
AFW,2021,57.3625716910274
AFW,2020,57.3644254011107
AFW,2019,57.1498467555118
AFW,2018,57.036976441386
AFW,2017,56.6264388112566
AFW,2016,56.3924518507367
AFW,2015,56.0383356484355
ARB,2023,72.4446783578531
ARB,2022,71.8760955992222
ARB,2021,70.4041144889903
ARB,2020,70.7265588103862
ARB,2019,71.8398932674972
ARB,2018,71.4312997859137
ARB,2017,71.1128560080646
ARB,2016,70.8964881164428
ARB,2015,70.6580123695192
CSS,2023,73.1716450013098
CSS,2022,72.8322921090607
CSS,2021,69.9228107471769
CSS,2020,71.9394359303317
CSS,2019,72.1292604830284
CSS,2018,72.2210854022703
CSS,2017,72.1731041595093
CSS,2016,72.0516361154512
CSS,2015,71.8641021665476
CEB,2023,77.8966245256412
CEB,2022,76.6522987292583
CEB,2021,74.7232827859077
CEB,2020,76.0162701269145
CEB,2019,77.2659141936307
CEB,2018,76.9764380835075
CEB,2017,76.929788715597
CEB,2016,76.9703062304413
CEB,2015,76.5755119772504
EAR,2023,71.7962449795855
EAR,2022,71.4304552508694
EAR,2021,68.1790994839633
EAR,2020,69.8801308490982
EAR,2019,70.8424064605001
EAR,2018,70.5486659921503
EAR,2017,70.2729949393554
EAR,2016,69.9484837084835
EAR,2015,69.6305484421664
EAS,2023,76.6594177267807
EAS,2022,76.6767167147452
EAS,2021,76.152941315904
EAS,2020,76.5433946923267
EAS,2019,76.5862412994962
EAS,2018,76.3914229383171
EAS,2017,76.0789923585537
EAS,2016,75.9870166732102
EAS,2015,75.7926010192992
EAP,2023,75.8806830895266
EAP,2022,75.9325409436903
EAP,2021,75.2781418410849
EAP,2020,75.6976393295064
EAP,2019,75.7689690321509
EAP,2018,75.57828618156
EAP,2017,75.2396714880306
EAP,2016,75.1559117663434
EAP,2015,74.9511243848739
TEA,2023,75.9085643603807
TEA,2022,75.9610347461336
TEA,2021,75.3009806060199
TEA,2020,75.7338497054699
TEA,2019,75.8042877234534
TEA,2018,75.6101241544347
TEA,2017,75.2671640185859
TEA,2016,75.1832269955477
TEA,2015,74.9777768374826
EMU,2023,82.194952481038
EMU,2022,81.6232025628471
EMU,2021,81.5839330415712
EMU,2020,81.4873571657503
EMU,2019,82.2804211551829
EMU,2018,82.0027602577719
EMU,2017,81.8840085594743
EMU,2016,81.9075874931284
EMU,2015,81.5193991217567
ECS,2023,78.3854816068932
ECS,2022,77.8344787151258
ECS,2021,76.7286864916739
ECS,2020,77.1755313183473
ECS,2019,78.3039072023535
ECS,2018,78.0318800351487
ECS,2017,77.899058722117
ECS,2016,77.681322731133
ECS,2015,77.3309732346625
ECA,2023,74.7923060983647
ECA,2022,74.5731684190474
ECA,2021,72.8823762052943
ECA,2020,73.5536868675669
ECA,2019,74.8158340567546
ECA,2018,74.5927989243036
ECA,2017,74.4033539029016
ECA,2016,74.0313769065099
ECA,2015,73.755408258866
TEC,2023,74.7265371994292
TEC,2022,74.1883654842503
TEC,2021,72.1506406826172
TEC,2020,73.1492512511888
TEC,2019,74.590946255432
TEC,2018,74.2976622013592
TEC,2017,74.1318681774556
TEC,2016,73.6902109808946
TEC,2015,73.3408132950813
EUU,2023,81.4128063717702
EUU,2022,80.7135056290876
EUU,2021,80.3071964400875
EUU,2020,80.4414754678551
EUU,2019,81.3194524901835
EUU,2018,81.0317510064821
EUU,2017,80.9303097853099
EUU,2016,80.9530808081627
EUU,2015,80.5708966220669
FCS,2023,63.3499447771075
FCS,2022,62.702271566254
FCS,2021,61.6086810439385
FCS,2020,62.0663682854031
FCS,2019,62.1379545505037
FCS,2018,61.7825083062786
FCS,2017,61.2296826870125
FCS,2016,60.9861836667017
FCS,2015,60.7449931085508
HPC,2023,64.7159054177481
HPC,2022,63.8404458555462
HPC,2021,62.5313735700637
HPC,2020,63.0726319690016
HPC,2019,63.0898004183278
HPC,2018,62.798544258222
HPC,2017,62.3151956659401
HPC,2016,62.0038083727554
HPC,2015,61.561793936137
IBD,2023,74.5206328779372
IBD,2022,74.2512624750087
IBD,2021,71.974203378406
IBD,2020,73.2951356970762
IBD,2019,74.031271888226
IBD,2018,73.794943952938
IBD,2017,73.4857607809887
IBD,2016,73.2592309044272
IBD,2015,73.0328490236397
IBT,2023,72.0004516179201
IBT,2022,71.677581962506
IBT,2021,69.6679168391603
IBT,2020,70.7488282427992
IBT,2019,71.3939237835386
IBT,2018,71.1530074814471
IBT,2017,70.8308848986919
IBT,2016,70.614038767053
IBT,2015,70.371709207031
IDB,2023,62.4621643327349
IDB,2022,62.1288641416852
IDB,2021,60.8765357381791
IDB,2020,60.8180066140619
IDB,2019,61.3259973798573
IDB,2018,61.0740542759518
IDB,2017,60.818392907263
IDB,2016,60.5761664527178
IDB,2015,60.2944946354402
IDX,2023,67.0538318903115
IDX,2022,66.3600605315493
IDX,2021,64.8764634139942
IDX,2020,65.411479068422
IDX,2019,65.5828691146811
IDX,2018,65.172890099339
IDX,2017,64.6098588988294
IDX,2016,64.3101407903027
IDX,2015,63.8821179927396
IDA,2023,65.4535223135408
IDA,2022,64.8822902939527
IDA,2021,63.4773799318061
IDA,2020,63.8022749850664
IDA,2019,64.0885399952044
IDA,2018,63.7309311828707
IDA,2017,63.2736954244909
IDA,2016,62.9919508459629
IDA,2015,62.6135498483383
LTE,2023,77.1297750439663
LTE,2022,76.9543256667468
LTE,2021,76.3060136977083
LTE,2020,76.6935638074913
LTE,2019,76.9979606258316
LTE,2018,76.7781489421434
LTE,2017,76.4174343501022
LTE,2016,76.2928997245812
LTE,2015,76.0762328807769
LCN,2023,75.6435273174016
LCN,2022,74.6472095421659
LCN,2021,71.8141762189306
LCN,2020,73.1889367681402
LCN,2019,75.2042598654921
LCN,2018,75.052717198381
LCN,2017,74.8318087892113
LCN,2016,74.6774848833781
LCN,2015,74.7432221893097
LAC,2023,75.4986013301867
LAC,2022,74.4897262626475
LAC,2021,71.4377016432982
LAC,2020,72.8759217271338
LAC,2019,75.0513524613511
LAC,2018,74.8906731016397
LAC,2017,74.7006534427421
LAC,2016,74.5306460760941
LAC,2015,74.5553955667316
TLA,2023,75.5699258379688
TLA,2022,74.5684293540859
TLA,2021,71.7449274626405
TLA,2020,73.0747493617473
TLA,2019,75.1319711493442
TLA,2018,74.9760978010797
TLA,2017,74.7614101353626
TLA,2016,74.5894794269073
TLA,2015,74.6505904118153
LDC,2023,66.5161002597788
LDC,2022,65.7631857632163
LDC,2021,64.267342334044
LDC,2020,64.8323585417323
LDC,2019,64.9724534415541
LDC,2018,64.6022757660127
LDC,2017,64.0339755156235
LDC,2016,63.7237270680357
LDC,2015,63.3049002618176
LMY,2023,71.9736125967917
LMY,2022,71.6849231239061
LMY,2021,69.6714224191227
LMY,2020,70.7483333328129
LMY,2019,71.3694842016144
LMY,2018,71.1341613587801
LMY,2017,70.8079915267906
LMY,2016,70.605934919215
LMY,2015,70.3675043362779
MEA,2023,72.0839412410497
MEA,2022,71.6918319737772
MEA,2021,69.7113193479505
MEA,2020,69.9110789555644
MEA,2019,71.2438695042576
MEA,2018,70.9403213532696
MEA,2017,70.7097575308251
MEA,2016,70.4289278068117
MEA,2015,70.1511049169228
MNA,2023,71.2758849884582
MNA,2022,71.0055315443397
MNA,2021,68.9280214782653
MNA,2020,69.050634286622
MNA,2019,70.417484585256
MNA,2018,70.0733668958653
MNA,2017,69.8141316373328
MNA,2016,69.5328376363007
MNA,2015,69.2873263613117
TMN,2023,71.3194560888195
TMN,2022,70.965432550888
TMN,2021,68.8931032282321
TMN,2020,69.0090964026373
TMN,2019,70.3800917806817
TMN,2018,70.0368444388331
TMN,2017,69.7772409464567
TMN,2016,69.4961826399098
TMN,2015,69.2515348606398
MIC,2023,72.7428060722667
MIC,2022,72.5172020330295
MIC,2021,70.3953530328654
MIC,2020,71.5211164808267
MIC,2019,72.1892666738243
MIC,2018,71.9597989462594
MIC,2017,71.6596834645843
MIC,2016,71.4421804907715
MIC,2015,71.2070683012016
NAC,2023,78.7328213732191
NAC,2022,77.8327679594239
NAC,2021,76.8657678890549
NAC,2020,77.4498099795241
NAC,2019,79.1334134419141
NAC,2018,78.9607960728398
NAC,2017,78.8688036246685
NAC,2016,78.8800103845064
NAC,2015,79.0036254654542
OED,2023,80.1614352591851
OED,2022,79.5212545784247
OED,2021,78.5885513303119
OED,2020,78.958005085165
OED,2019,80.2450659060679
OED,2018,80.0281711116686
OED,2017,79.931058371801
OED,2016,79.8914226918913
OED,2015,79.761947694534
OSS,2023,73.5594214776897
OSS,2022,72.9049248661262
OSS,2021,71.7699719301416
OSS,2020,72.5097097789427
OSS,2019,72.6570116424877
OSS,2018,72.4217850423792
OSS,2017,72.1237658150048
OSS,2016,71.7745690542754
OSS,2015,71.4795830574543
PSS,2023,69.2745949035856
PSS,2022,69.1004348993561
PSS,2021,67.4810209240703
PSS,2020,68.3568108792759
PSS,2019,68.6421578303985
PSS,2018,68.5825887890247
PSS,2017,68.5192875005129
PSS,2016,68.2856508563666
PSS,2015,68.1166096033138
PST,2023,80.8230563837636
PST,2022,80.1977878300116
PST,2021,79.7955238788416
PST,2020,80.0658791727843
PST,2019,80.9700846681541
PST,2018,80.7442826647034
PST,2017,80.6650553844053
PST,2016,80.6112411501517
PST,2015,80.4400997313335
PRE,2023,62.1636298902791
PRE,2022,61.3832880029503
PRE,2021,60.2752505117259
PRE,2020,60.5012070014439
PRE,2019,60.5568008955552
PRE,2018,60.2074724802348
PRE,2017,59.5402350736624
PRE,2016,59.2363562400827
PRE,2015,58.93626650033
SST,2023,72.8966788653862
SST,2022,72.3794678577605
SST,2021,70.7756825891382
SST,2020,71.8255552822673
SST,2019,72.0009607335469
SST,2018,71.8640735615265
SST,2017,71.6556194082548
SST,2016,71.3759850327933
SST,2015,71.1242805019157
SAS,2023,72.3247648783903
SAS,2022,72.0115731308447
SAS,2021,67.8215299767513
SAS,2020,70.3622206982499
SAS,2019,70.9975623145981
SAS,2018,70.6523573971364
SAS,2017,70.2904723380061
SAS,2016,69.9184707063298
SAS,2015,69.5110334122263
TSA,2023,72.3247648783903
TSA,2022,72.0115731308447
TSA,2021,67.8215299767513
TSA,2020,70.3622206982499
TSA,2019,70.9975623145981
TSA,2018,70.6523573971364
TSA,2017,70.2904723380061
TSA,2016,69.9184707063298
TSA,2015,69.5110334122263
SSF,2023,62.6028071536951
SSF,2022,61.8571795894802
SSF,2021,60.7034363660672
SSF,2020,61.1675270829902
SSF,2019,61.1293218424873
SSF,2018,60.7667275136709
SSF,2017,60.1584015341066
SSF,2016,59.8121001978138
SSF,2015,59.398721466191
SSA,2023,62.0653555476155
SSA,2022,61.2833535992957
SSA,2021,60.1774746494858
SSA,2020,60.6222294256854
SSA,2019,60.6065912895076
SSA,2018,60.2582610385453
SSA,2017,59.6367115940116
SSA,2016,59.3199433875513
SSA,2015,58.9244569362249
TSS,2023,62.6028071536951
TSS,2022,61.8571795894802
TSS,2021,60.7034363660672
TSS,2020,61.1675270829902
TSS,2019,61.1293218424873
TSS,2018,60.7667275136709
TSS,2017,60.1584015341065
TSS,2016,59.8121001978138
TSS,2015,59.398721466191
WLD,2023,73.3289501544845
WLD,2022,72.9682902550636
WLD,2021,71.2152192461602
WLD,2020,72.1819792006819
WLD,2019,72.8686568501624
WLD,2018,72.6433904952398
WLD,2017,72.3651515431591
WLD,2016,72.1847345079995
WLD,2015,71.9646261474589
AFG,2023,66.035
AFG,2022,65.617
AFG,2021,60.417
AFG,2020,61.454
AFG,2019,62.941
AFG,2018,62.443
AFG,2017,62.406
AFG,2016,62.646
AFG,2015,62.27
