country_code,year,literacy_rate
AFE,2024,73.6951293945312
AFE,2023,73.3681411743164
AFE,2022,73.0559768676758
AFE,2021,72.7159729003906
AFE,2020,72.9768905639648
AFE,2019,72.8010787963867
AFE,2018,71.6701889038086
AFE,2017,70.8797302246094
AFE,2016,70.9572677612305
AFW,2024,61.1739692687988
AFW,2023,61.0263595581055
AFW,2022,60.7809791564941
AFW,2021,60.5108909606934
AFW,2020,60.2528114318848
AFW,2019,60.1363906860352
AFW,2018,60.3549499511719
AFW,2017,56.8785209655762
AFW,2016,55.8716201782227
ARB,2024,78.9864273071289
ARB,2023,78.616569519043
ARB,2022,78.2719268798828
ARB,2021,77.8672409057617
ARB,2020,77.5577621459961
ARB,2019,77.149772644043
ARB,2018,76.9097137451172
ARB,2017,76.5930099487305
ARB,2016,75.9190979003906
CEB,2024,99.5003890991211
CEB,2023,99.4918212890625
CEB,2022,99.4799194335938
CEB,2021,99.4680099487305
CEB,2020,99.452751159668
CEB,2019,99.4357528686523
CEB,2018,99.4153518676758
CEB,2017,99.3676605224609
CEB,2016,99.3470001220703
EAR,2024,82.0969390869141
EAR,2023,81.6767883300781
EAR,2022,81.2427978515625
EAR,2021,80.7130966186523
EAR,2020,80.3006210327148
EAR,2019,79.7876586914062
EAR,2018,79.6844329833984
EAR,2017,79.3345489501953
EAR,2016,79.0816879272461
EAS,2024,96.6137084960938
EAS,2023,96.4882202148438
EAS,2022,96.3631210327148
EAS,2021,96.2234420776367
EAS,2020,96.0861206054688
EAS,2019,95.8726425170898
EAS,2018,95.729736328125
EAS,2017,95.6873626708984
EAS,2016,95.4995803833008
EAP,2024,96.8457412719727
EAP,2023,96.719482421875
EAP,2022,96.5920104980469
EAP,2021,96.4505920410156
EAP,2020,96.3145980834961
EAP,2019,96.0973815917969
EAP,2018,95.9548416137695
EAP,2017,95.9314804077148
EAP,2016,95.7421722412109
TEA,2024,96.8063125610352
TEA,2023,96.678352355957
TEA,2022,96.5491409301758
TEA,2021,96.4058380126953
TEA,2020,96.2679672241211
TEA,2019,96.0478897094727
TEA,2018,95.9034729003906
TEA,2017,95.879768371582
TEA,2016,95.6880264282227
ECS,2023,98.7675628662109
ECS,2022,98.7496566772461
ECS,2021,98.7386932373047
ECS,2020,98.6057281494141
ECS,2019,98.5681076049805
ECS,2018,98.5019073486328
ECS,2017,98.4128494262695
ECS,2016,98.3339462280273
ECA,2024,99.0158462524414
ECA,2023,98.9629821777344
ECA,2022,98.9060592651367
ECA,2021,98.872200012207
ECA,2020,98.8268203735352
ECA,2019,98.7980194091797
ECA,2018,98.6577835083008
ECA,2017,98.5916519165039
ECA,2016,98.4758911132812
TEC,2024,99.3873519897461
TEC,2023,99.3587036132812
TEC,2022,99.3284683227539
TEC,2021,99.3108062744141
TEC,2020,99.2865295410156
TEC,2019,99.2695465087891
TEC,2018,99.1963119506836
TEC,2017,99.088493347168
TEC,2016,99.0277481079102
FCS,2024,67.578010559082
FCS,2023,67.4712677001953
FCS,2022,67.3155517578125
FCS,2021,67.1866683959961
FCS,2020,67.1063995361328
FCS,2019,67.2147674560547
FCS,2018,67.4211502075195
FCS,2017,67.6090316772461
FCS,2016,66.9035263061523
HPC,2024,66.6336364746094
HPC,2023,66.2968826293945
HPC,2022,65.8665466308594
HPC,2021,65.4221801757812
HPC,2020,64.9592514038086
HPC,2019,64.711311340332
HPC,2018,64.5372924804688
HPC,2017,62.5792503356934
HPC,2016,61.4616203308105
IBD,2024,90.6948623657227
IBD,2023,90.4358825683594
IBD,2022,90.1709823608398
IBD,2021,89.8589096069336
IBD,2020,89.6384582519531
IBD,2019,89.3428497314453
IBD,2018,89.2863998413086
IBD,2017,89.0595092773438
IBD,2016,88.8677368164062
IBT,2024,85.8209686279297
IBT,2023,85.60888671875
IBT,2022,85.3785705566406
IBT,2021,85.0993804931641
IBT,2020,84.886962890625
IBT,2019,84.6522598266602
IBT,2018,84.6161499023438
IBT,2017,84.2530364990234
IBT,2016,84.027458190918
IDB,2024,69.1912078857422
IDB,2023,68.8631820678711
IDB,2022,68.5359191894531
IDB,2021,68.2061920166016
IDB,2020,67.8718109130859
IDB,2019,67.5158996582031
IDB,2018,67.4336471557617
IDB,2017,65.0588836669922
IDB,2016,64.8518371582031
IDX,2024,70.9236297607422
IDX,2023,70.6173782348633
IDX,2022,70.242057800293
IDX,2021,69.7954864501953
IDX,2020,69.3044128417969
IDX,2019,69.0902481079102
IDX,2018,68.8277282714844
IDX,2017,67.4069290161133
IDX,2016,66.6103897094727
IDA,2024,70.0536499023438
IDA,2023,69.7270431518555
IDA,2022,69.3554229736328
IDA,2021,68.9362411499023
IDA,2020,68.484977722168
IDA,2019,68.2113571166992
IDA,2018,67.9991912841797
IDA,2017,66.9097518920898
IDA,2016,66.3155670166016
LTE,2024,96.8526611328125
LTE,2023,96.7300872802734
LTE,2022,96.6117477416992
LTE,2021,96.4845962524414
LTE,2020,96.3584594726562
LTE,2019,96.2307510375977
LTE,2018,96.1009979248047
LTE,2017,95.9536895751953
LTE,2016,95.7904510498047
LCN,2024,94.9511108398438
LCN,2023,94.8254928588867
LCN,2022,94.6840972900391
LCN,2021,94.5019378662109
LCN,2020,94.3258209228516
LCN,2019,94.2708282470703
LCN,2018,94.10302734375
LCN,2017,93.9181289672852
LCN,2016,93.8910827636719
LAC,2024,94.7141189575195
LAC,2023,94.5834732055664
LAC,2022,94.4349365234375
LAC,2021,94.2406768798828
LAC,2020,94.0513763427734
LAC,2019,93.9928588867188
LAC,2018,93.8078765869141
LAC,2017,93.6074523925781
LAC,2016,93.5648193359375
TLA,2024,94.8772430419922
TLA,2023,94.7478790283203
TLA,2022,94.6017074584961
TLA,2021,94.413200378418
TLA,2020,94.2312622070312
TLA,2019,94.1735000610352
TLA,2018,93.9998168945312
TLA,2017,93.808967590332
TLA,2016,93.7799682617188
LDC,2024,68.3231201171875
LDC,2023,67.9737167358398
LDC,2022,67.5506820678711
LDC,2021,67.0295181274414
LDC,2020,66.4538269042969
LDC,2019,66.2221832275391
LDC,2018,65.9546737670898
LDC,2017,65.4944686889648
LDC,2016,64.6036071777344
LMY,2024,85.6694183349609
LMY,2023,85.4538269042969
LMY,2022,85.2197799682617
LMY,2021,84.9348678588867
LMY,2020,84.7153930664062
LMY,2019,84.4747085571289
LMY,2018,84.4342727661133
LMY,2017,84.0636520385742
LMY,2016,83.8311004638672
MEA,2024,75.5886917114258
MEA,2023,75.0680389404297
MEA,2022,74.5160675048828
MEA,2021,73.9247970581055
MEA,2020,73.4514389038086
MEA,2019,72.9030990600586
MEA,2018,72.6647720336914
MEA,2017,72.7193603515625
MEA,2016,72.3536224365234
MIC,2024,87.7973403930664
MIC,2023,87.5513916015625
MIC,2022,87.2956771850586
MIC,2021,86.9866333007812
MIC,2020,86.7465209960938
MIC,2019,86.4565277099609
MIC,2018,86.3734893798828
MIC,2017,85.962043762207
MIC,2016,85.7613983154297
NAC,2022,98.7891464233398
NAC,2021,98.789436340332
NAC,2020,98.7703628540039
NAC,2019,98.7648391723633
NAC,2018,98.7590789794922
NAC,2017,98.7524108886719
OED,2020,97.2060775756836
OSS,2024,87.119743347168
OSS,2023,87.0094375610352
OSS,2022,86.8639526367188
OSS,2021,86.7250671386719
OSS,2020,86.5541915893555
OSS,2019,86.7132797241211
OSS,2018,86.4989013671875
OSS,2017,86.230598449707
OSS,2016,85.8724136352539
PRE,2024,67.723030090332
PRE,2023,67.3943176269531
PRE,2022,66.9874496459961
PRE,2021,66.5542602539062
PRE,2020,66.1589431762695
PRE,2019,65.9298400878906
PRE,2018,65.7887115478516
PRE,2017,63.8377990722656
PRE,2016,62.6788902282715
SST,2024,88.0155715942383
SST,2023,87.9334716796875
SST,2022,87.8255615234375
SST,2021,87.7147598266602
SST,2020,87.5831985473633
SST,2019,87.7075576782227
SST,2018,87.5271835327148
SST,2017,87.3291778564453
SST,2016,87.0658416748047
SAS,2024,78.2312698364258
SAS,2023,77.5703735351562
SAS,2022,76.8953704833984
SAS,2021,76.0599365234375
SAS,2020,75.2422180175781
SAS,2019,74.512809753418
SAS,2018,74.7436676025391
SAS,2017,74.018913269043
SAS,2016,73.3504180908203
TSA,2024,78.2312698364258
TSA,2023,77.5703735351562
TSA,2022,76.8953704833984
TSA,2021,76.0599365234375
TSA,2020,75.2422180175781
TSA,2019,74.512809753418
TSA,2018,74.7436676025391
TSA,2017,74.018913269043
TSA,2016,73.3504180908203
SSF,2024,68.6856231689453
SSF,2023,68.4389419555664
SSF,2022,68.1527099609375
SSF,2021,67.8382186889648
SSF,2020,67.8860397338867
SSF,2019,67.7253723144531
SSF,2018,67.1269226074219
SSF,2017,65.2480697631836
SSF,2016,64.8923568725586
SSA,2024,68.6818008422852
SSA,2023,68.43505859375
SSA,2022,68.1487503051758
SSA,2021,67.8341903686523
SSA,2020,67.8820037841797
SSA,2019,67.7212905883789
SSA,2018,67.1227493286133
SSA,2017,65.2436294555664
SSA,2016,64.8878936767578
TSS,2024,68.6856231689453
TSS,2023,68.4389419555664
TSS,2022,68.1527099609375
TSS,2021,67.8382186889648
TSS,2020,67.8860397338867
TSS,2019,67.7253723144531
TSS,2018,67.1269226074219
TSS,2017,65.2480697631836
TSS,2016,64.8923568725586
WLD,2024,87.7406997680664
WLD,2023,87.577392578125
WLD,2022,87.3925170898438
WLD,2021,87.1662521362305
WLD,2020,86.9843063354492
WLD,2019,86.7869186401367
WLD,2018,86.7647476196289
WLD,2017,86.4681015014648
WLD,2016,86.2807464599609
AFG,2021,37.2700004577637
AFG,2020,35.9865546430738
ALB,2023,97.6800003051758
ALB,2017,98.8199996948242
ARG,2020,99.1399993896484
ARM,2023,99.8399963378906
ARM,2022,99.8199996948242
ARM,2020,99.7900009155273
ARM,2017,99.7399978637695
ARM,2016,99.7399978637695
AZE,2023,99.7799987792969
AZE,2019,99.8000030517578
AZE,2017,99.7900009155273
AZE,2016,99.7900009155273
BHR,2024,97.8199996948242
BHR,2023,97.8499984741211
BHR,2022,97.870002746582
BGD,2022,79.0
BGD,2021,76.3600006103516
BGD,2020,74.9100036621094
BGD,2019,74.6800003051758
BGD,2018,73.9100036621094
BGD,2017,72.8899993896484
BGD,2016,72.7600021362305
BLR,2019,99.870002746582
BLZ,2022,87.879997253418
BEN,2022,51.3800010681152
BEN,2021,43.8300018310547
BEN,2019,49.0
BEN,2017,38.8699989318848
BTN,2022,64.9100036621094
BTN,2017,66.5599975585938
BOL,2023,95.5500030517578
BOL,2020,93.8499984741211
BRA,2024,94.8005123042056
BRA,2023,94.5839624750993
BRA,2022,94.3853874531348
BRA,2021,94.7848837154757
BRA,2020,94.7576490611664
BRA,2019,93.9019248012051
BRA,2018,93.2300033569336
BRA,2017,93.0800018310547
BRA,2016,92.8099975585938
BFA,2023,41.442033530681
BFA,2022,40.9199981689453
BFA,2021,36.9700012207031
BFA,2019,29.6599998474121
BFA,2018,39.3499984741211
BDI,2020,71.4078166079164
BDI,2017,68.379997253418
BDI,2016,65.6900024414062
CPV,2024,88.4700012207031
KHM,2021,71.9300003051758
KHM,2020,82.5991675957413
KHM,2019,87.6600036621094
CMR,2018,72.5500030517578
CAF,2019,42.439998626709
TCD,2019,30.6299991607666
TCD,2016,22.3099994659424
CHL,2017,96.4000015258789
CHN,2020,96.7399978637695
COL,2024,95.3399963378906
COL,2023,95.4625553716428
COL,2022,95.3138834471897
COL,2021,95.666552016916
COL,2020,95.6399993896484
COL,2019,95.25
COL,2018,95.0899963378906
COL,2017,94.8927138785262
COL,2016,94.6500015258789
COM,2021,75.8250571350015
COD,2020,65.6914486099044
COD,2018,73.5500030517578
COD,2016,77.0400009155273
CIV,2021,50.0
CIV,2019,56.9804529419494
CIV,2016,50.0400009155273
CUB,2019,97.6500015258789
DOM,2024,94.0299987792969
DOM,2023,94.3123758236054
DOM,2022,93.7022375646963
DOM,2021,93.7368933438107
DOM,2020,93.7009782823312
DOM,2019,93.6758208343989
DOM,2018,93.4355831240379
DOM,2017,93.232235984521
DOM,2016,93.7799987792969
ECU,2022,96.2600021362305
ECU,2021,94.4800033569336
ECU,2020,93.629997253418
ECU,2017,92.8300018310547
ECU,2016,94.3499984741211
EGY,2022,79.4565788949049
EGY,2021,82.083331279425
EGY,2017,71.1699981689453
SLV,2024,89.7699966430664
SLV,2023,89.8499984741211
SLV,2022,89.3518526572018
SLV,2021,89.0586486323527
SLV,2020,89.9800033569336
SLV,2019,89.1399993896484
SLV,2018,89.0100021362305
SLV,2017,88.4800033569336
SLV,2016,88.1399993896484
SWZ,2022,90.75
ETH,2022,60.4599990844727
ETH,2021,54.8861260079206
ETH,2019,55.0499992370605
ETH,2016,47.4900016784668
GAB,2021,88.8600006103516
GMB,2021,51.6399993896484
GMB,2018,53.1599998474121
GEO,2024,99.6800003051758
GEO,2023,99.5599975585938
GEO,2022,99.5699996948242
GEO,2021,99.9656063568431
GEO,2020,99.9403171161963
GEO,2019,99.9020818812072
GEO,2018,99.6500015258789
GEO,2017,99.3600006103516
GHA,2021,76.4899978637695
GHA,2017,64.4899978637695
GTM,2024,82.1100006103516
GTM,2023,83.0440590538501
GTM,2022,83.0299987792969
GTM,2018,80.8099975585938
GIN,2018,39.6199989318848
GNB,2022,63.9300003051758
GNB,2019,54.8800010681152
GUY,2020,85.6399993896484
HTI,2017,68.0100021362305
HND,2024,88.25
HND,2023,87.0899963378906
HND,2022,88.2764147235016
HND,2019,88.5100021362305
HND,2018,87.2099990844727
HND,2016,88.9899978637695
IND,2023,81.6999969482422
IND,2022,76.3199996948242
IND,2021,76.0715766188242
IND,2020,75.5437727049002
IND,2019,74.9084268267486
IND,2018,73.6975430256976
IDN,2020,96.0
IDN,2018,95.6600036621094
IDN,2016,95.379997253418
IRN,2023,88.9233339833467
IRN,2022,88.5939994931719
IRN,2021,88.4554880174224
IRN,2020,87.9027874156509
IRN,2019,87.3787031852537
IRN,2018,86.8687468655024
IRN,2017,85.9467259623201
IRN,2016,85.5400009155273
IRQ,2021,84.0588635813164
IRQ,2017,85.5999984741211
IRQ,2016,83.3000030517578
ITA,2019,99.3499984741211
JOR,2023,94.8499984741211
JOR,2018,95.4300003051758
KIR,2020,98.6322966077083
KIR,2018,97.9599990844727
KWT,2020,96.4599990844727
KWT,2018,96.0599975585938
KWT,2017,96.0400009155273
LAO,2023,75.6399993896484
LAO,2017,73.7200012207031
LBN,2019,92.0144800114203
LBN,2018,92.6699981689453
LSO,2024,90.4499969482422
LSO,2019,92.4974361965842
LSO,2018,86.2399978637695
LSO,2016,97.2699966430664
MAC,2016,96.5400009155273
MDG,2021,74.6900024414062
MDG,2018,76.6800003051758
MWI,2020,70.1500015258789
MWI,2018,76.7200012207031
MWI,2017,72.848752416256
MYS,2022,95.7699966430664
MYS,2019,94.9700012207031
MYS,2018,94.8499984741211
MYS,2017,95.0800018310547
MYS,2016,94.879997253418
MDV,2019,98.2099990844727
MDV,2017,94.5100021362305
MDV,2016,97.7300033569336
MLI,2018,35.4700012207031
MHL,2021,95.8342549583425
MHL,2019,98.1800003051758
MRT,2020,59.5299987792969
MUS,2023,94.3265215627
MUS,2021,93.0304719147886
MUS,2016,93.1600036621094
MEX,2024,95.7654716766416
MEX,2023,95.8346901734281
MEX,2022,95.8486603965766
MEX,2021,95.6890981310362
MEX,2020,95.25
MEX,2019,95.3889403219417
MEX,2018,95.379997253418
MEX,2017,94.9700012207031
MEX,2016,94.8600006103516
MNG,2023,98.6399993896484
MNG,2022,98.7300033569336
MNG,2021,99.272758866107
MNG,2020,99.1800003051758
MNG,2019,98.4599990844727
MNG,2018,96.9000015258789
MNE,2018,98.5299987792969
MOZ,2022,61.6778205151772
MOZ,2020,59.7799987792969
MOZ,2017,60.6599998474121
MMR,2020,93.5471293315427
MMR,2019,89.0699996948242
MMR,2018,95.823239379743
MMR,2016,84.7799987792969
NAM,2023,87.6399993896484
NAM,2018,88.3295050309237
NAM,2016,88.2018591728156
NRU,2023,96.5899963378906
NRU,2021,94.6079860099096
NPL,2019,68.7099990844727
NPL,2017,66.8755351165163
NPL,2016,65.5
NER,2022,35.6100006103516
NER,2018,33.0499992370605
NGA,2024,70.4100036621094
NGA,2021,63.1599998474121
NGA,2016,58.2200012207031
OMN,2022,97.3399963378906
OMN,2020,96.9000015258789
OMN,2018,95.6500015258789
OMN,2017,95.5800018310547
PAK,2021,58.8600006103516
PAK,2019,58.0
PAK,2018,57.0099983215332
PAK,2017,59.1300010681152
PLW,2020,100.0
PAN,2024,96.256135181795
PAN,2023,96.1092282909577
PAN,2021,96.2400288895206
PAN,2019,95.7399978637695
PAN,2018,95.4100036621094
PNG,2022,87.144148905762
PNG,2017,70.0599975585938
PRY,2024,94.8600006103516
PRY,2020,94.5400009155273
PRY,2019,93.2099990844727
PRY,2018,94.0199966430664
PRY,2016,94.6500015258789
PER,2024,93.6600036621094
PER,2020,94.5
PER,2018,94.4100036621094
PER,2017,94.1500015258789
PER,2016,94.1699981689453
PHL,2020,98.4700012207031
PHL,2019,96.2799987792969
PRI,2017,92.3899993896484
ROU,2021,99.1600036621094
RUS,2021,99.9300003051758
RWA,2022,78.7600021362305
RWA,2020,80.0500030517578
RWA,2018,73.2200012207031
WSM,2019,97.9899978637695
WSM,2017,100.0
WSM,2016,99.4000015258789
SMR,2022,99.9100036621094
STP,2019,87.4400024414062
SAU,2024,97.9300003051758
SAU,2020,97.5899963378906
SAU,2017,95.3300018310547
SEN,2023,50.3600006103516
SEN,2019,46.8300018310547
SEN,2018,46.6100006103516
SEN,2017,51.9000015258789
SEN,2016,46.0999984741211
SRB,2022,99.3399963378906
SRB,2019,99.4800033569336
SRB,2016,98.8399963378906
SLE,2019,43.5800018310547
SLE,2018,48.8216576787275
SLE,2017,44.8300018310547
SGP,2021,97.6500015258789
SGP,2020,97.129997253418
SGP,2019,97.4800033569336
SGP,2018,97.3399963378906
SGP,2017,97.1999969482422
SGP,2016,97.0500030517578
SOM,2022,54.1199989318848
SOM,2019,63.6841427350076
ZAF,2024,91.1500015258789
ZAF,2021,90.0
ZAF,2019,95.0199966430664
ZAF,2016,91.7399978637695
ESP,2021,99.6999969482422
ESP,2020,98.5899963378906
ESP,2018,98.4400024414062
ESP,2016,98.25
LKA,2023,92.6600036621094
LKA,2022,92.4899978637695
LKA,2021,92.4300003051758
LKA,2020,92.379997253418
LKA,2019,92.25
LKA,2018,91.7099990844727
LKA,2017,91.9000015258789
LKA,2016,92.3899993896484
SYR,2021,94.4199981689453
TZA,2022,78.2099990844727
TZA,2020,82.232634463345
THA,2022,91.0999984741211
THA,2019,91.2699966430664
THA,2018,93.7699966430664
THA,2016,91.9800033569336
TLS,2022,72.4700012207031
TLS,2016,65.7799987792969
TGO,2022,72.5999984741211
TGO,2019,66.5400009155273
TGO,2017,60.9182911842179
TON,2019,91.0500030517578
TON,2016,97.1500015258789
TUN,2023,86.25
TUN,2021,83.6800003051758
TUN,2019,80.5500030517578
TUN,2018,79.4800033569336
TUR,2021,97.2600021362305
TUR,2019,96.7399978637695
TUR,2017,96.1500015258789
TUR,2016,95.8600006103516
TKM,2022,99.9000015258789
TUV,2022,100.0
UGA,2021,79.0582329588683
UGA,2016,69.0999984741211
ARE,2024,98.8099975585938
ARE,2023,98.0599975585938
ARE,2022,98.2900009155273
ARE,2021,98.129997253418
ARE,2019,97.7799987792969
URY,2024,98.9100036621094
URY,2023,98.8671517186373
URY,2022,98.8499984741211
URY,2020,98.9665883559203
URY,2019,98.7699966430664
URY,2018,98.6999969482422
URY,2017,98.620002746582
URY,2016,98.5599975585938
UZB,2022,100.0
UZB,2021,100.0
UZB,2019,100.0
UZB,2018,99.9899978637695
UZB,2016,99.9899978637695
VUT,2023,87.9599990844727
VUT,2020,89.8307065699515
VUT,2019,92.7475057391313
VEN,2017,97.1867494381301
VEN,2016,97.129997253418
VNM,2022,96.129997253418
VNM,2019,95.75
PSE,2024,97.9449803653341
PSE,2022,97.8399963378906
PSE,2021,97.6857135394122
PSE,2020,97.5100021362305
PSE,2019,97.379997253418
PSE,2018,97.2200012207031
PSE,2017,96.9199981689453
PSE,2016,96.7200012207031
ZMB,2023,82.0418064991238
ZMB,2022,79.9751431296375
ZMB,2021,79.9450094407671
ZMB,2020,81.7591544152556
ZMB,2018,71.129997253418
ZWE,2019,93.2300033569336
